transaction_id,account_number,transaction_date,transaction_type,amount,balance,customer_id,branch_id
TXN000000,ACC221958,2025-04-14 17:58:04.597414,TRANSFER,4599.87,4735.72,CUST3672,BR15
TXN000001,ACC771155,2025-04-02 17:58:04.597414,DEPOSIT,7852.32,14460.49,CUST8279,BR15
TXN000002,ACC231932,2025-04-26 17:58:04.597414,DEPOSIT,8921.93,40541.31,CUST8531,BR6
TXN000003,ACC465838,2025-04-01 17:58:04.597414,TRANSFER,9553.79,23523.58,CUST9662,BR27
TXN000004,ACC359178,2025-04-07 17:58:04.597414,WITHDRAWAL,7871.16,27782.28,CUST2987,BR15
TXN000005,ACC744167,2025-04-21 17:58:04.597414,DEPOSIT,3160.91,22207.98,CUST1090,BR36
TXN000006,ACC210268,2025-04-14 17:58:04.597414,DEPOSIT,6884.47,3151.1,CUST9721,BR8
TXN000007,ACC832180,2025-04-07 17:58:04.597414,TRANSFER,4381.66,9121.74,CUST5059,BR15
TXN000008,ACC154886,2025-04-14 17:58:04.597414,WITHDRAWAL,2554.16,22831.54,CUST3773,BR3
TXN000009,ACC237337,2025-04-25 17:58:04.597414,TRANSFER,8410.31,11250.09,CUST9383,BR47
TXN000010,ACC621430,2025-04-17 17:58:04.597414,WITHDRAWAL,393.88,3448.97,CUST8409,BR13
TXN000011,ACC187498,2025-04-21 17:58:04.597414,WITHDRAWAL,9018.6,42338.83,CUST5440,BR41
TXN000012,ACC999159,2025-04-02 17:58:04.597414,WITHDRAWAL,4620.16,49078.43,CUST8347,BR34
TXN000013,ACC275203,2025-03-30 17:58:04.597414,DEPOSIT,6375.64,39864.0,CUST2008,BR24
TXN000014,ACC291335,2025-04-03 17:58:04.597414,TRANSFER,6596.95,42835.46,CUST4783,BR40
TXN000015,ACC378167,2025-04-18 17:58:04.597414,TRANSFER,8952.23,12856.88,CUST7646,BR32
TXN000016,ACC141090,2025-03-30 17:58:04.597414,WITHDRAWAL,6370.33,48070.72,CUST5298,BR32
TXN000017,ACC429365,2025-04-10 17:58:04.597414,DEPOSIT,6143.2,10649.36,CUST5668,BR30
TXN000018,ACC164820,2025-04-27 17:58:04.597414,DEPOSIT,675.85,47620.06,CUST5287,BR49
TXN000019,ACC887201,2025-04-08 17:58:04.597414,TRANSFER,5188.9,49746.15,CUST3052,BR13
TXN000020,ACC421879,2025-04-08 17:58:04.597414,DEPOSIT,1510.19,35874.42,CUST7009,BR1
TXN000021,ACC818315,2025-04-13 17:58:04.597414,DEPOSIT,7376.96,49076.04,CUST2716,BR34
TXN000022,ACC427069,2025-04-08 17:58:04.597414,WITHDRAWAL,5127.1,28907.45,CUST1310,BR15
TXN000023,ACC876997,2025-04-16 17:58:04.597414,DEPOSIT,6805.48,13717.55,CUST5538,BR44
TXN000024,ACC299041,2025-04-12 17:58:04.597414,WITHDRAWAL,426.31,22412.8,CUST2260,BR14
TXN000025,ACC891743,2025-04-22 17:58:04.597414,TRANSFER,857.07,30084.49,CUST4932,BR29
TXN000026,ACC203355,2025-04-20 17:58:04.597414,DEPOSIT,7166.07,4581.0,CUST1584,BR34
TXN000027,ACC335796,2025-04-20 17:58:04.597414,TRANSFER,730.12,31494.82,CUST8616,BR18
TXN000028,ACC314176,2025-04-13 17:58:04.597414,TRANSFER,721.85,49077.71,CUST9551,BR7
TXN000029,ACC284779,2025-04-08 17:58:04.597414,DEPOSIT,130.96,10315.27,CUST3866,BR29
TXN000030,ACC447449,2025-04-19 17:58:04.597414,DEPOSIT,9565.45,39837.16,CUST6898,BR31
TXN000031,ACC521909,2025-04-13 17:58:04.597414,TRANSFER,7377.71,45487.04,CUST3011,BR25
TXN000032,ACC358795,2025-04-05 17:58:04.597414,DEPOSIT,3538.98,47241.38,CUST7251,BR38
TXN000033,ACC586232,2025-04-01 17:58:04.597414,WITHDRAWAL,2972.39,48046.64,CUST5939,BR14
TXN000034,ACC600186,2025-04-05 17:58:04.597414,WITHDRAWAL,3503.54,26551.52,CUST5006,BR8
TXN000035,ACC256730,2025-04-01 17:58:04.597414,DEPOSIT,7748.79,48888.09,CUST2625,BR27
TXN000036,ACC970910,2025-04-21 17:58:04.597414,TRANSFER,6617.09,38108.2,CUST1890,BR2
TXN000037,ACC484681,2025-04-22 17:58:04.597414,DEPOSIT,1860.1,8921.9,CUST7078,BR17
TXN000038,ACC249503,2025-03-31 17:58:04.597414,DEPOSIT,1749.35,24368.11,CUST8036,BR37
TXN000039,ACC754811,2025-03-31 17:58:04.597414,TRANSFER,992.97,36198.23,CUST9923,BR14
TXN000040,ACC627035,2025-04-24 17:58:04.597414,TRANSFER,6606.42,13119.68,CUST4961,BR25
TXN000041,ACC748143,2025-04-26 17:58:04.597414,WITHDRAWAL,7646.08,32390.14,CUST3504,BR30
TXN000042,ACC552366,2025-04-15 17:58:04.597414,TRANSFER,2657.81,33663.42,CUST9806,BR29
TXN000043,ACC165725,2025-04-26 17:58:04.597414,WITHDRAWAL,219.24,8972.29,CUST4806,BR20
TXN000044,ACC229981,2025-04-23 17:58:04.597414,TRANSFER,830.89,28689.18,CUST7100,BR21
TXN000045,ACC184654,2025-04-16 17:58:04.597414,DEPOSIT,9678.92,38809.72,CUST2719,BR22
TXN000046,ACC691723,2025-04-16 17:58:04.597414,WITHDRAWAL,2961.49,25445.89,CUST7686,BR35
TXN000047,ACC419030,2025-04-18 17:58:04.597414,WITHDRAWAL,7694.54,1593.05,CUST2587,BR37
TXN000048,ACC428947,2025-04-02 17:58:04.597414,WITHDRAWAL,6250.39,1442.88,CUST8000,BR16
TXN000049,ACC655839,2025-04-15 17:58:04.597414,DEPOSIT,3825.58,18494.44,CUST1896,BR49
TXN000050,ACC373538,2025-04-25 17:58:04.597414,DEPOSIT,2064.82,46383.51,CUST6558,BR43
TXN000051,ACC431236,2025-04-07 17:58:04.597414,DEPOSIT,1222.65,12205.16,CUST9469,BR17
TXN000052,ACC628178,2025-04-26 17:58:04.597414,DEPOSIT,6153.98,32083.82,CUST5647,BR16
TXN000053,ACC665894,2025-04-19 17:58:04.597414,DEPOSIT,7748.59,11881.72,CUST3432,BR2
TXN000054,ACC589492,2025-04-18 17:58:04.597414,WITHDRAWAL,6442.6,16761.83,CUST4904,BR4
TXN000055,ACC356840,2025-04-03 17:58:04.597414,DEPOSIT,5307.72,42554.06,CUST7837,BR21
TXN000056,ACC573254,2025-03-29 17:58:04.597414,WITHDRAWAL,429.09,36714.21,CUST2449,BR39
TXN000057,ACC449457,2025-04-02 17:58:04.597414,DEPOSIT,9685.2,5674.56,CUST5500,BR34
TXN000058,ACC765987,2025-04-06 17:58:04.597414,TRANSFER,7989.15,22006.4,CUST6454,BR30
TXN000059,ACC370936,2025-04-09 17:58:04.597414,WITHDRAWAL,2935.29,2429.32,CUST5117,BR6
TXN000060,ACC339931,2025-04-23 17:58:04.597414,TRANSFER,9799.9,24563.62,CUST9869,BR17
TXN000061,ACC339629,2025-04-11 17:58:04.597414,WITHDRAWAL,6022.8,33459.27,CUST3028,BR39
TXN000062,ACC305041,2025-03-30 17:58:04.597414,TRANSFER,5828.4,6806.63,CUST7845,BR25
TXN000063,ACC798361,2025-04-14 17:58:04.597414,DEPOSIT,7483.25,15155.36,CUST4758,BR5
TXN000064,ACC831912,2025-04-11 17:58:04.597414,DEPOSIT,8119.58,20493.99,CUST6904,BR5
TXN000065,ACC517113,2025-04-23 17:58:04.597414,DEPOSIT,6568.22,46057.02,CUST5624,BR20
TXN000066,ACC168148,2025-04-10 17:58:04.597414,WITHDRAWAL,1289.68,49669.5,CUST9848,BR16
TXN000067,ACC877089,2025-04-24 17:58:04.597414,TRANSFER,3389.29,3200.65,CUST1165,BR41
TXN000068,ACC748531,2025-04-06 17:58:04.597414,DEPOSIT,9281.56,38289.39,CUST5591,BR37
TXN000069,ACC351995,2025-04-23 17:58:04.597414,TRANSFER,2253.91,19214.48,CUST1589,BR40
TXN000070,ACC778843,2025-04-22 17:58:04.597414,TRANSFER,3727.95,20230.45,CUST5524,BR9
TXN000071,ACC672843,2025-04-12 17:58:04.597414,DEPOSIT,4326.45,37958.98,CUST3821,BR5
TXN000072,ACC356508,2025-04-22 17:58:04.597414,DEPOSIT,4399.66,46002.9,CUST7509,BR42
TXN000073,ACC903591,2025-04-19 17:58:04.597414,TRANSFER,6133.27,47595.5,CUST8693,BR2
TXN000074,ACC996942,2025-04-12 17:58:04.597414,DEPOSIT,9431.33,29279.01,CUST1071,BR9
TXN000075,ACC206530,2025-04-21 17:58:04.597414,DEPOSIT,2414.52,18498.94,CUST4580,BR43
TXN000076,ACC704365,2025-04-27 17:58:04.597414,DEPOSIT,1223.8,39589.91,CUST8962,BR36
TXN000077,ACC922352,2025-04-08 17:58:04.597414,WITHDRAWAL,1982.73,13299.07,CUST1268,BR22
TXN000078,ACC560337,2025-04-13 17:58:04.597414,TRANSFER,8870.38,28639.63,CUST3462,BR22
TXN000079,ACC824839,2025-04-26 17:58:04.597414,TRANSFER,6461.65,18570.34,CUST2015,BR22
TXN000080,ACC905889,2025-04-14 17:58:04.597414,WITHDRAWAL,2866.21,33174.92,CUST8984,BR34
TXN000081,ACC559773,2025-04-23 17:58:04.597414,TRANSFER,8161.31,12779.55,CUST1406,BR29
TXN000082,ACC308261,2025-04-01 17:58:04.597414,DEPOSIT,8615.09,10388.05,CUST8384,BR38
TXN000083,ACC864469,2025-03-29 17:58:04.597414,TRANSFER,8466.68,45993.72,CUST7049,BR46
TXN000084,ACC441097,2025-04-05 17:58:04.597414,DEPOSIT,9190.08,5988.38,CUST7169,BR33
TXN000085,ACC415139,2025-04-14 17:58:04.597414,WITHDRAWAL,2529.89,25791.94,CUST8982,BR18
TXN000086,ACC271829,2025-03-31 17:58:04.597414,DEPOSIT,7552.87,11821.79,CUST1985,BR7
TXN000087,ACC371836,2025-04-26 17:58:04.597414,TRANSFER,4610.79,2907.57,CUST5485,BR1
TXN000088,ACC538974,2025-04-17 17:58:04.597414,TRANSFER,8421.57,2764.92,CUST9901,BR33
TXN000089,ACC302283,2025-04-12 17:58:04.597414,TRANSFER,7287.62,9585.87,CUST3618,BR1
TXN000090,ACC296769,2025-04-12 17:58:04.597414,WITHDRAWAL,7766.71,43471.75,CUST7289,BR24
TXN000091,ACC661353,2025-04-21 17:58:04.597414,WITHDRAWAL,6565.06,14841.46,CUST7928,BR4
TXN000092,ACC323165,2025-04-19 17:58:04.597414,TRANSFER,1782.51,47572.5,CUST6368,BR4
TXN000093,ACC723587,2025-04-11 17:58:04.597414,DEPOSIT,5454.82,29499.49,CUST5621,BR18
TXN000094,ACC635822,2025-04-23 17:58:04.597414,WITHDRAWAL,9846.85,22394.1,CUST8566,BR27
TXN000095,ACC587879,2025-04-25 17:58:04.597414,TRANSFER,9374.51,29424.35,CUST5670,BR43
TXN000096,ACC664685,2025-04-20 17:58:04.597414,TRANSFER,441.31,26318.22,CUST8658,BR32
TXN000097,ACC882038,2025-04-11 17:58:04.597414,WITHDRAWAL,1656.5,38180.04,CUST2003,BR33
TXN000098,ACC453531,2025-04-21 17:58:04.597414,WITHDRAWAL,1325.97,14842.31,CUST8504,BR28
TXN000099,ACC363160,2025-03-30 17:58:04.597414,WITHDRAWAL,7262.54,18299.47,CUST3466,BR42
TXN000100,ACC679879,2025-04-10 17:58:04.597414,DEPOSIT,8179.68,44810.62,CUST2939,BR41
TXN000101,ACC320884,2025-04-23 17:58:04.597414,DEPOSIT,2142.98,47376.37,CUST2635,BR36
TXN000102,ACC123247,2025-04-11 17:58:04.597414,TRANSFER,5063.47,44735.35,CUST9095,BR6
TXN000103,ACC124300,2025-04-24 17:58:04.597414,WITHDRAWAL,8408.62,21552.95,CUST7265,BR16
TXN000104,ACC567281,2025-04-21 17:58:04.597414,DEPOSIT,7330.69,39237.91,CUST2895,BR34
TXN000105,ACC707086,2025-04-16 17:58:04.597414,WITHDRAWAL,5426.95,24340.45,CUST7524,BR23
TXN000106,ACC633556,2025-04-04 17:58:04.597414,TRANSFER,5907.57,25379.45,CUST2073,BR42
TXN000107,ACC448951,2025-03-31 17:58:04.597414,DEPOSIT,5088.52,11029.33,CUST6184,BR24
TXN000108,ACC374329,2025-04-12 17:58:04.597414,DEPOSIT,2982.51,29965.38,CUST3402,BR49
TXN000109,ACC819064,2025-04-20 17:58:04.597414,DEPOSIT,5654.57,10120.66,CUST5895,BR13
TXN000110,ACC842139,2025-04-11 17:58:04.597414,TRANSFER,6891.96,17246.67,CUST8331,BR18
TXN000111,ACC532315,2025-04-08 17:58:04.597414,WITHDRAWAL,8734.5,42896.48,CUST2956,BR13
TXN000112,ACC616588,2025-04-12 17:58:04.597414,DEPOSIT,6366.55,11146.71,CUST8023,BR49
TXN000113,ACC336584,2025-04-25 17:58:04.597414,TRANSFER,7613.6,4486.76,CUST4907,BR37
TXN000114,ACC662332,2025-04-10 17:58:04.597414,WITHDRAWAL,1609.12,4381.37,CUST1807,BR43
TXN000115,ACC937646,2025-04-15 17:58:04.597414,TRANSFER,4620.96,47098.44,CUST9378,BR39
TXN000116,ACC476896,2025-04-23 17:58:04.597414,WITHDRAWAL,103.22,25839.1,CUST5827,BR42
TXN000117,ACC148984,2025-04-03 17:58:04.597414,TRANSFER,2474.32,21061.19,CUST5524,BR17
TXN000118,ACC402918,2025-03-31 17:58:04.597414,WITHDRAWAL,7267.35,40733.05,CUST3284,BR15
TXN000119,ACC364712,2025-04-16 17:58:04.597414,DEPOSIT,9918.18,41955.47,CUST6313,BR18
TXN000120,ACC220151,2025-04-12 17:58:04.597414,WITHDRAWAL,1000.79,17277.36,CUST1757,BR23
TXN000121,ACC555808,2025-04-22 17:58:04.597414,TRANSFER,4020.93,34987.28,CUST5887,BR30
TXN000122,ACC233767,2025-04-20 17:58:04.597414,TRANSFER,8002.71,38785.02,CUST4854,BR34
TXN000123,ACC748663,2025-04-02 17:58:04.597414,WITHDRAWAL,2048.32,33077.88,CUST4558,BR4
TXN000124,ACC803550,2025-04-25 17:58:04.597414,DEPOSIT,5555.3,8428.16,CUST1961,BR3
TXN000125,ACC236330,2025-04-07 17:58:04.597414,DEPOSIT,7333.38,43918.27,CUST4847,BR7
TXN000126,ACC580754,2025-04-04 17:58:04.597414,WITHDRAWAL,6163.69,27415.63,CUST7726,BR18
TXN000127,ACC401648,2025-04-22 17:58:04.597414,WITHDRAWAL,1888.37,14841.15,CUST4575,BR42
TXN000128,ACC788519,2025-04-14 17:58:04.597414,TRANSFER,3560.29,21836.18,CUST3418,BR7
TXN000129,ACC113986,2025-04-04 17:58:04.597414,DEPOSIT,7840.08,2840.98,CUST5198,BR40
TXN000130,ACC686146,2025-04-19 17:58:04.597414,WITHDRAWAL,5546.72,7265.47,CUST2001,BR6
TXN000131,ACC229312,2025-04-23 17:58:04.597414,DEPOSIT,62.24,38511.79,CUST6244,BR22
TXN000132,ACC112666,2025-04-27 17:58:04.597414,WITHDRAWAL,7612.3,1000.57,CUST8119,BR1
TXN000133,ACC400804,2025-04-09 17:58:04.597414,WITHDRAWAL,362.76,21411.73,CUST5066,BR4
TXN000134,ACC234633,2025-04-22 17:58:04.597414,DEPOSIT,7459.88,26603.0,CUST3845,BR46
TXN000135,ACC388998,2025-04-14 17:58:04.597414,WITHDRAWAL,2032.78,3677.09,CUST9849,BR49
TXN000136,ACC950937,2025-04-10 17:58:04.597414,WITHDRAWAL,9581.15,48680.83,CUST6316,BR43
TXN000137,ACC728776,2025-04-17 17:58:04.597414,TRANSFER,3685.73,12080.14,CUST1422,BR29
TXN000138,ACC807611,2025-04-22 17:58:04.597414,WITHDRAWAL,3276.05,15905.74,CUST7715,BR21
TXN000139,ACC384806,2025-04-01 17:58:04.597414,WITHDRAWAL,1497.39,15893.18,CUST5266,BR26
TXN000140,ACC894824,2025-04-07 17:58:04.597414,WITHDRAWAL,3062.99,12290.42,CUST8549,BR14
TXN000141,ACC130535,2025-03-31 17:58:04.597414,TRANSFER,8767.74,1072.22,CUST7316,BR9
TXN000142,ACC475713,2025-04-06 17:58:04.597414,DEPOSIT,9963.38,36737.89,CUST3710,BR47
TXN000143,ACC938688,2025-04-10 17:58:04.597414,TRANSFER,3689.41,48375.43,CUST9644,BR12
TXN000144,ACC451279,2025-04-15 17:58:04.597414,TRANSFER,4491.62,11990.38,CUST9069,BR42
TXN000145,ACC921654,2025-04-12 17:58:04.597414,DEPOSIT,7223.49,33489.31,CUST2657,BR6
TXN000146,ACC701661,2025-04-01 17:58:04.597414,TRANSFER,8863.1,37352.92,CUST3541,BR20
TXN000147,ACC747972,2025-04-12 17:58:04.597414,DEPOSIT,5934.51,42572.84,CUST7763,BR24
TXN000148,ACC589570,2025-04-19 17:58:04.597414,TRANSFER,3921.34,21708.83,CUST4075,BR27
TXN000149,ACC556551,2025-03-30 17:58:04.597414,DEPOSIT,4132.09,15843.61,CUST4164,BR38
TXN000150,ACC373109,2025-04-12 17:58:04.597414,WITHDRAWAL,6959.23,16939.46,CUST3053,BR8
TXN000151,ACC124538,2025-04-05 17:58:04.597414,TRANSFER,42.15,35918.45,CUST9479,BR1
TXN000152,ACC994498,2025-04-05 17:58:04.597414,TRANSFER,6199.7,41022.19,CUST6737,BR49
TXN000153,ACC301664,2025-04-14 17:58:04.597414,TRANSFER,3561.38,9899.08,CUST4217,BR49
TXN000154,ACC591234,2025-04-09 17:58:04.597414,TRANSFER,7944.03,19176.11,CUST2447,BR24
TXN000155,ACC999684,2025-04-16 17:58:04.597414,WITHDRAWAL,938.98,45195.07,CUST7009,BR47
TXN000156,ACC239182,2025-04-07 17:58:04.597414,TRANSFER,5886.14,40527.98,CUST1607,BR7
TXN000157,ACC572525,2025-04-06 17:58:04.597414,WITHDRAWAL,4814.92,49258.06,CUST5552,BR19
TXN000158,ACC258338,2025-04-02 17:58:04.597414,WITHDRAWAL,6426.83,37958.16,CUST2764,BR22
TXN000159,ACC284064,2025-04-03 17:58:04.597414,WITHDRAWAL,657.89,20266.56,CUST3671,BR35
TXN000160,ACC314020,2025-04-17 17:58:04.597414,WITHDRAWAL,5804.04,29941.25,CUST7519,BR30
TXN000161,ACC723094,2025-04-23 17:58:04.597414,DEPOSIT,5619.23,33389.7,CUST4962,BR29
TXN000162,ACC997421,2025-03-30 17:58:04.597414,DEPOSIT,5610.99,4844.33,CUST4177,BR22
TXN000163,ACC715270,2025-04-24 17:58:04.597414,TRANSFER,6038.84,27680.35,CUST4722,BR11
TXN000164,ACC745914,2025-04-21 17:58:04.597414,DEPOSIT,6767.91,35756.72,CUST5906,BR20
TXN000165,ACC219176,2025-04-24 17:58:04.597414,DEPOSIT,8051.84,9198.74,CUST8263,BR29
TXN000166,ACC318126,2025-04-10 17:58:04.597414,TRANSFER,2705.51,39250.95,CUST6054,BR41
TXN000167,ACC318969,2025-04-03 17:58:04.597414,TRANSFER,8252.24,29604.87,CUST1808,BR42
TXN000168,ACC222409,2025-04-02 17:58:04.597414,TRANSFER,4987.57,47658.87,CUST1725,BR34
TXN000169,ACC647707,2025-04-22 17:58:04.597414,DEPOSIT,779.81,3078.69,CUST8701,BR1
TXN000170,ACC353618,2025-03-29 17:58:04.597414,DEPOSIT,594.92,14000.98,CUST2216,BR31
TXN000171,ACC869598,2025-04-18 17:58:04.597414,TRANSFER,3349.04,30476.14,CUST5051,BR30
TXN000172,ACC150015,2025-04-19 17:58:04.597414,WITHDRAWAL,7851.12,15531.44,CUST3197,BR48
TXN000173,ACC872838,2025-04-18 17:58:04.597414,TRANSFER,7079.73,36006.78,CUST3806,BR18
TXN000174,ACC222096,2025-04-03 17:58:04.597414,WITHDRAWAL,7888.26,38191.26,CUST9970,BR17
TXN000175,ACC731347,2025-04-03 17:58:04.597414,WITHDRAWAL,5177.52,6023.28,CUST1972,BR38
TXN000176,ACC285340,2025-04-20 17:58:04.597414,TRANSFER,4407.59,26178.87,CUST6634,BR14
TXN000177,ACC210687,2025-04-13 17:58:04.597414,TRANSFER,1483.05,25935.64,CUST8483,BR23
TXN000178,ACC974371,2025-04-01 17:58:04.597414,TRANSFER,3288.65,19094.76,CUST3123,BR25
TXN000179,ACC511357,2025-04-27 17:58:04.597414,DEPOSIT,4345.85,46713.32,CUST9790,BR15
TXN000180,ACC835716,2025-04-08 17:58:04.597414,WITHDRAWAL,895.12,41547.81,CUST1224,BR46
TXN000181,ACC205878,2025-04-27 17:58:04.597414,DEPOSIT,2213.91,35163.26,CUST2814,BR22
TXN000182,ACC827270,2025-04-27 17:58:04.597414,DEPOSIT,5986.27,36002.01,CUST2106,BR3
TXN000183,ACC298286,2025-04-27 17:58:04.597414,TRANSFER,7359.27,23624.09,CUST1124,BR19
TXN000184,ACC873290,2025-04-21 17:58:04.597414,DEPOSIT,9983.49,46128.73,CUST4246,BR44
TXN000185,ACC874684,2025-04-20 17:58:04.597414,TRANSFER,9331.8,35035.18,CUST3931,BR34
TXN000186,ACC264899,2025-04-06 17:58:04.597414,WITHDRAWAL,6429.23,36720.07,CUST3971,BR35
TXN000187,ACC424767,2025-04-20 17:58:04.597414,TRANSFER,4218.27,43222.85,CUST3017,BR1
TXN000188,ACC961882,2025-03-31 17:58:04.597414,DEPOSIT,6365.41,14429.51,CUST8415,BR21
TXN000189,ACC979858,2025-04-16 17:58:04.597414,DEPOSIT,7858.66,40546.47,CUST3415,BR29
TXN000190,ACC479989,2025-04-05 17:58:04.597414,TRANSFER,1192.18,10566.79,CUST4096,BR6
TXN000191,ACC515515,2025-04-02 17:58:04.597414,TRANSFER,4104.95,17921.76,CUST2609,BR37
TXN000192,ACC143585,2025-04-01 17:58:04.597414,DEPOSIT,8399.62,17444.91,CUST1717,BR1
TXN000193,ACC471369,2025-04-21 17:58:04.597414,WITHDRAWAL,3844.49,48947.75,CUST4561,BR1
TXN000194,ACC164044,2025-04-03 17:58:04.597414,WITHDRAWAL,5723.0,42970.32,CUST7782,BR27
TXN000195,ACC542296,2025-03-30 17:58:04.597414,TRANSFER,5881.82,35357.32,CUST2048,BR21
TXN000196,ACC209556,2025-04-17 17:58:04.597414,WITHDRAWAL,1852.92,36625.78,CUST9307,BR16
TXN000197,ACC626981,2025-04-25 17:58:04.597414,DEPOSIT,3628.73,28541.57,CUST8905,BR44
TXN000198,ACC981691,2025-04-08 17:58:04.597414,TRANSFER,3351.77,47407.44,CUST6578,BR40
TXN000199,ACC867595,2025-04-01 17:58:04.597414,DEPOSIT,271.71,25316.68,CUST2620,BR26
TXN000200,ACC300235,2025-04-12 17:58:04.597414,DEPOSIT,251.68,19645.37,CUST7548,BR16
TXN000201,ACC125939,2025-04-03 17:58:04.597414,WITHDRAWAL,8318.65,8988.73,CUST8381,BR28
TXN000202,ACC252906,2025-04-19 17:58:04.597414,TRANSFER,2737.98,39524.08,CUST5780,BR1
TXN000203,ACC642335,2025-04-14 17:58:04.597414,TRANSFER,5185.61,36987.75,CUST4792,BR36
TXN000204,ACC388249,2025-04-27 17:58:04.597414,WITHDRAWAL,2994.27,19833.4,CUST3941,BR10
TXN000205,ACC175766,2025-04-21 17:58:04.597414,DEPOSIT,9407.39,2234.48,CUST6695,BR43
TXN000206,ACC508923,2025-04-03 17:58:04.597414,DEPOSIT,2600.37,42110.87,CUST7401,BR17
TXN000207,ACC515192,2025-04-16 17:58:04.597414,DEPOSIT,4302.27,1559.48,CUST7197,BR23
TXN000208,ACC668550,2025-04-27 17:58:04.597414,DEPOSIT,8728.58,35481.29,CUST6450,BR7
TXN000209,ACC487261,2025-04-22 17:58:04.597414,TRANSFER,8420.92,48542.6,CUST9975,BR44
TXN000210,ACC910208,2025-03-30 17:58:04.597414,TRANSFER,1869.15,22445.41,CUST9432,BR7
TXN000211,ACC785440,2025-04-12 17:58:04.597414,WITHDRAWAL,8028.41,12513.7,CUST6874,BR44
TXN000212,ACC752664,2025-04-08 17:58:04.597414,WITHDRAWAL,4587.29,35538.68,CUST2553,BR15
TXN000213,ACC554589,2025-04-05 17:58:04.597414,TRANSFER,4834.86,41039.28,CUST2012,BR34
TXN000214,ACC237848,2025-04-23 17:58:04.597414,TRANSFER,1343.46,27775.09,CUST9378,BR46
TXN000215,ACC717075,2025-04-16 17:58:04.597414,DEPOSIT,815.21,48384.73,CUST2881,BR45
TXN000216,ACC227948,2025-04-10 17:58:04.597414,DEPOSIT,7282.11,3531.77,CUST7799,BR4
TXN000217,ACC679304,2025-04-09 17:58:04.597414,WITHDRAWAL,4969.65,25734.98,CUST5586,BR14
TXN000218,ACC502690,2025-04-02 17:58:04.597414,TRANSFER,4374.14,36204.24,CUST9622,BR14
TXN000219,ACC599046,2025-04-03 17:58:04.597414,WITHDRAWAL,7297.79,43269.38,CUST9430,BR16
TXN000220,ACC551269,2025-04-23 17:58:04.597414,TRANSFER,7657.47,9783.52,CUST7447,BR7
TXN000221,ACC121959,2025-04-19 17:58:04.597414,DEPOSIT,1597.49,40200.17,CUST3345,BR32
TXN000222,ACC760890,2025-04-01 17:58:04.597414,WITHDRAWAL,6106.15,28082.65,CUST1075,BR19
TXN000223,ACC850216,2025-04-16 17:58:04.597414,WITHDRAWAL,1362.19,20431.13,CUST6877,BR2
TXN000224,ACC890180,2025-04-17 17:58:04.597414,TRANSFER,7516.24,7454.04,CUST7785,BR10
TXN000225,ACC328576,2025-03-29 17:58:04.597414,DEPOSIT,6572.98,43399.49,CUST5922,BR17
TXN000226,ACC637833,2025-04-17 17:58:04.597414,WITHDRAWAL,9566.58,8706.39,CUST9090,BR37
TXN000227,ACC265838,2025-04-14 17:58:04.597414,DEPOSIT,698.89,16179.61,CUST3330,BR12
TXN000228,ACC435674,2025-04-09 17:58:04.597414,WITHDRAWAL,579.98,15212.23,CUST5686,BR6
TXN000229,ACC979989,2025-04-12 17:58:04.597414,DEPOSIT,2829.05,43699.29,CUST2902,BR22
TXN000230,ACC161087,2025-03-29 17:58:04.597414,TRANSFER,2624.44,33962.45,CUST5670,BR32
TXN000231,ACC693128,2025-04-23 17:58:04.597414,WITHDRAWAL,2477.32,40037.39,CUST8143,BR41
TXN000232,ACC218451,2025-04-11 17:58:04.597414,WITHDRAWAL,9063.48,13272.93,CUST3059,BR20
TXN000233,ACC547600,2025-04-03 17:58:04.597414,DEPOSIT,2502.97,31618.83,CUST1140,BR1
TXN000234,ACC937437,2025-04-02 17:58:04.597414,DEPOSIT,2726.78,29015.55,CUST2789,BR47
TXN000235,ACC539792,2025-04-27 17:58:04.597414,WITHDRAWAL,7596.39,41808.69,CUST1016,BR6
TXN000236,ACC139353,2025-04-08 17:58:04.597414,TRANSFER,4502.9,45398.27,CUST1464,BR19
TXN000237,ACC293075,2025-04-01 17:58:04.597414,DEPOSIT,7769.34,1595.68,CUST5471,BR18
TXN000238,ACC314283,2025-04-10 17:58:04.597414,DEPOSIT,663.01,34026.98,CUST2827,BR6
TXN000239,ACC414877,2025-04-08 17:58:04.597414,DEPOSIT,4880.84,3539.95,CUST9711,BR45
TXN000240,ACC165318,2025-03-31 17:58:04.597414,WITHDRAWAL,345.8,27894.07,CUST6956,BR33
TXN000241,ACC865313,2025-03-29 17:58:04.597414,WITHDRAWAL,635.91,15094.0,CUST1089,BR23
TXN000242,ACC582690,2025-04-03 17:58:04.597414,WITHDRAWAL,9065.31,16032.05,CUST5815,BR23
TXN000243,ACC516880,2025-04-15 17:58:04.597414,WITHDRAWAL,1401.06,18294.97,CUST3851,BR26
TXN000244,ACC691460,2025-04-21 17:58:04.597414,TRANSFER,5328.88,31443.33,CUST3843,BR13
TXN000245,ACC840976,2025-04-07 17:58:04.597414,TRANSFER,4116.85,17368.45,CUST7543,BR7
TXN000246,ACC881239,2025-04-02 17:58:04.597414,WITHDRAWAL,3479.96,36902.25,CUST6901,BR15
TXN000247,ACC193264,2025-04-20 17:58:04.597414,TRANSFER,8999.34,20821.84,CUST1969,BR44
TXN000248,ACC870746,2025-04-07 17:58:04.597414,DEPOSIT,228.02,4349.31,CUST2094,BR27
TXN000249,ACC913168,2025-04-09 17:58:04.597414,DEPOSIT,6641.26,39404.23,CUST7124,BR26
TXN000250,ACC325281,2025-03-30 17:58:04.597414,DEPOSIT,9634.31,15002.16,CUST8347,BR33
TXN000251,ACC737147,2025-04-10 17:58:04.597414,WITHDRAWAL,5606.08,22205.58,CUST4195,BR15
TXN000252,ACC998613,2025-04-05 17:58:04.597414,DEPOSIT,9368.86,34586.75,CUST2404,BR36
TXN000253,ACC494070,2025-03-30 17:58:04.597414,TRANSFER,532.06,17290.35,CUST7940,BR45
TXN000254,ACC452228,2025-04-17 17:58:04.597414,WITHDRAWAL,4193.75,3772.7,CUST5290,BR27
TXN000255,ACC531839,2025-03-29 17:58:04.597414,TRANSFER,2608.98,19322.13,CUST4982,BR5
TXN000256,ACC369536,2025-04-02 17:58:04.597414,DEPOSIT,7310.9,47277.98,CUST6555,BR2
TXN000257,ACC417824,2025-04-06 17:58:04.597414,DEPOSIT,9813.16,32444.99,CUST8954,BR33
TXN000258,ACC357426,2025-04-14 17:58:04.597414,DEPOSIT,2572.74,33902.48,CUST5713,BR16
TXN000259,ACC277789,2025-04-06 17:58:04.597414,WITHDRAWAL,6545.2,31981.83,CUST4092,BR23
TXN000260,ACC613153,2025-04-08 17:58:04.597414,TRANSFER,1989.0,10750.61,CUST5159,BR38
TXN000261,ACC842452,2025-04-12 17:58:04.597414,WITHDRAWAL,5657.65,21498.36,CUST7308,BR16
TXN000262,ACC937291,2025-04-21 17:58:04.597414,WITHDRAWAL,4644.69,37796.05,CUST8478,BR14
TXN000263,ACC225657,2025-04-03 17:58:04.597414,DEPOSIT,9720.33,5967.27,CUST9476,BR29
TXN000264,ACC335167,2025-04-20 17:58:04.597414,WITHDRAWAL,6089.19,14614.79,CUST5933,BR26
TXN000265,ACC781669,2025-03-31 17:58:04.597414,WITHDRAWAL,3501.57,14539.64,CUST5926,BR35
TXN000266,ACC580671,2025-04-27 17:58:04.597414,DEPOSIT,1149.82,22168.93,CUST4969,BR15
TXN000267,ACC819094,2025-04-14 17:58:04.597414,WITHDRAWAL,1520.96,49038.07,CUST3965,BR3
TXN000268,ACC170467,2025-04-02 17:58:04.597414,DEPOSIT,2260.92,4307.62,CUST5319,BR23
TXN000269,ACC283734,2025-04-27 17:58:04.597414,DEPOSIT,2517.16,26416.35,CUST9975,BR29
TXN000270,ACC722794,2025-04-25 17:58:04.597414,DEPOSIT,8507.65,9788.87,CUST8108,BR34
TXN000271,ACC209751,2025-04-09 17:58:04.597414,DEPOSIT,5616.62,48563.15,CUST4939,BR33
TXN000272,ACC481050,2025-04-15 17:58:04.597414,WITHDRAWAL,5238.68,6551.87,CUST1044,BR41
TXN000273,ACC911774,2025-04-11 17:58:04.597414,DEPOSIT,1156.54,20776.45,CUST2810,BR41
TXN000274,ACC792517,2025-04-18 17:58:04.597414,DEPOSIT,8602.8,37156.36,CUST5566,BR23
TXN000275,ACC561079,2025-04-21 17:58:04.597414,WITHDRAWAL,7230.91,35523.17,CUST2909,BR7
TXN000276,ACC468452,2025-04-08 17:58:04.597414,WITHDRAWAL,686.01,21713.7,CUST7364,BR3
TXN000277,ACC206081,2025-04-06 17:58:04.597414,TRANSFER,7081.27,17979.68,CUST3581,BR32
TXN000278,ACC713333,2025-03-30 17:58:04.597414,WITHDRAWAL,5439.95,20483.01,CUST1691,BR31
TXN000279,ACC658986,2025-04-09 17:58:04.597414,WITHDRAWAL,826.44,13949.54,CUST1931,BR18
TXN000280,ACC210078,2025-03-31 17:58:04.597414,TRANSFER,4588.42,11061.31,CUST8910,BR43
TXN000281,ACC967055,2025-03-31 17:58:04.597414,WITHDRAWAL,4852.12,24668.95,CUST7382,BR7
TXN000282,ACC122671,2025-03-29 17:58:04.597414,WITHDRAWAL,1666.09,14158.15,CUST4406,BR41
TXN000283,ACC518400,2025-04-05 17:58:04.597414,WITHDRAWAL,9457.52,15085.62,CUST9339,BR1
TXN000284,ACC455528,2025-04-19 17:58:04.597414,WITHDRAWAL,8501.25,33181.05,CUST2032,BR14
TXN000285,ACC710490,2025-04-25 17:58:04.597414,TRANSFER,6693.53,48458.33,CUST2311,BR32
TXN000286,ACC151663,2025-04-26 17:58:04.597414,WITHDRAWAL,4628.33,30578.22,CUST9579,BR6
TXN000287,ACC115708,2025-04-05 17:58:04.597414,WITHDRAWAL,4123.54,4771.99,CUST4121,BR39
TXN000288,ACC978338,2025-04-08 17:58:04.597414,TRANSFER,6513.22,4703.6,CUST2873,BR10
TXN000289,ACC411955,2025-04-06 17:58:04.597414,DEPOSIT,5458.86,47619.74,CUST7781,BR7
TXN000290,ACC233883,2025-04-02 17:58:04.597414,TRANSFER,632.11,15567.25,CUST4748,BR26
TXN000291,ACC418394,2025-04-11 17:58:04.597414,DEPOSIT,5129.9,5511.28,CUST1277,BR34
TXN000292,ACC212547,2025-04-25 17:58:04.597414,TRANSFER,8065.97,30353.18,CUST2859,BR30
TXN000293,ACC659042,2025-04-27 17:58:04.597414,TRANSFER,4597.81,31558.79,CUST6929,BR36
TXN000294,ACC851102,2025-03-31 17:58:04.597414,WITHDRAWAL,529.05,32776.74,CUST7792,BR21
TXN000295,ACC862002,2025-04-18 17:58:04.597414,DEPOSIT,7864.92,14102.7,CUST5713,BR17
TXN000296,ACC242483,2025-04-02 17:58:04.597414,WITHDRAWAL,2021.62,1740.42,CUST5675,BR33
TXN000297,ACC758271,2025-04-02 17:58:04.597414,DEPOSIT,2593.62,48285.75,CUST2170,BR10
TXN000298,ACC314835,2025-04-16 17:58:04.597414,TRANSFER,1655.42,13293.76,CUST9681,BR47
TXN000299,ACC501896,2025-04-24 17:58:04.597414,TRANSFER,3308.85,34125.29,CUST6308,BR42
TXN000300,ACC184896,2025-04-11 17:58:04.597414,DEPOSIT,7569.95,35624.86,CUST3462,BR12
TXN000301,ACC577095,2025-04-23 17:58:04.597414,WITHDRAWAL,5198.66,30890.36,CUST1287,BR16
TXN000302,ACC171295,2025-04-27 17:58:04.597414,WITHDRAWAL,2056.76,16332.46,CUST6953,BR41
TXN000303,ACC843974,2025-04-01 17:58:04.597414,WITHDRAWAL,8779.52,14283.72,CUST5282,BR32
TXN000304,ACC987121,2025-04-22 17:58:04.597414,WITHDRAWAL,8797.02,30285.75,CUST2907,BR15
TXN000305,ACC373255,2025-04-10 17:58:04.597414,TRANSFER,8707.08,43438.69,CUST2161,BR27
TXN000306,ACC399648,2025-04-07 17:58:04.597414,TRANSFER,2395.57,47389.95,CUST1129,BR28
TXN000307,ACC757162,2025-04-22 17:58:04.597414,TRANSFER,4517.88,6189.38,CUST7337,BR17
TXN000308,ACC108155,2025-04-15 17:58:04.597414,TRANSFER,9850.05,8586.6,CUST3363,BR46
TXN000309,ACC566872,2025-04-05 17:58:04.597414,TRANSFER,7722.4,47292.08,CUST9151,BR2
TXN000310,ACC925816,2025-04-05 17:58:04.597414,WITHDRAWAL,281.4,37090.23,CUST6983,BR36
TXN000311,ACC474705,2025-04-04 17:58:04.597414,WITHDRAWAL,661.39,44266.7,CUST1143,BR7
TXN000312,ACC671542,2025-04-05 17:58:04.597414,WITHDRAWAL,4644.67,10929.0,CUST9207,BR13
TXN000313,ACC908350,2025-04-11 17:58:04.597414,WITHDRAWAL,9093.11,29791.71,CUST8469,BR15
TXN000314,ACC710269,2025-04-16 17:58:04.597414,TRANSFER,5391.63,35355.84,CUST1244,BR25
TXN000315,ACC654594,2025-04-26 17:58:04.597414,TRANSFER,4983.15,34325.48,CUST1926,BR23
TXN000316,ACC247718,2025-04-03 17:58:04.597414,TRANSFER,1063.68,20999.43,CUST4178,BR22
TXN000317,ACC408987,2025-03-29 17:58:04.597414,DEPOSIT,6571.23,1754.35,CUST3176,BR26
TXN000318,ACC745263,2025-04-20 17:58:04.597414,WITHDRAWAL,8222.81,29563.38,CUST6002,BR33
TXN000319,ACC458745,2025-04-12 17:58:04.597414,WITHDRAWAL,3810.4,13401.98,CUST1886,BR11
TXN000320,ACC207512,2025-03-29 17:58:04.597414,TRANSFER,7758.36,23062.46,CUST9532,BR10
TXN000321,ACC247443,2025-04-22 17:58:04.597414,WITHDRAWAL,9645.12,47921.47,CUST4398,BR25
TXN000322,ACC570587,2025-04-14 17:58:04.597414,WITHDRAWAL,2045.63,20552.73,CUST9497,BR37
TXN000323,ACC473616,2025-03-29 17:58:04.597414,TRANSFER,5238.06,42150.28,CUST3654,BR48
TXN000324,ACC757409,2025-04-12 17:58:04.597414,DEPOSIT,2878.51,10238.49,CUST8392,BR43
TXN000325,ACC786976,2025-04-20 17:58:04.597414,DEPOSIT,7930.62,33950.56,CUST2371,BR38
TXN000326,ACC465871,2025-03-30 17:58:04.597414,DEPOSIT,5780.16,48873.34,CUST8135,BR41
TXN000327,ACC475037,2025-04-11 17:58:04.597414,TRANSFER,6349.48,5992.76,CUST1320,BR45
TXN000328,ACC907364,2025-04-18 17:58:04.597414,WITHDRAWAL,7981.16,1407.68,CUST5654,BR24
TXN000329,ACC217796,2025-04-05 17:58:04.597414,TRANSFER,3965.75,22245.56,CUST6300,BR40
TXN000330,ACC391999,2025-04-05 17:58:04.597414,TRANSFER,9151.75,5538.65,CUST7761,BR46
TXN000331,ACC292506,2025-04-16 17:58:04.597414,WITHDRAWAL,5334.96,37670.83,CUST7854,BR33
TXN000332,ACC798376,2025-04-04 17:58:04.597414,DEPOSIT,1587.97,45812.88,CUST6505,BR17
TXN000333,ACC369544,2025-04-16 17:58:04.597414,DEPOSIT,6962.03,22267.03,CUST7553,BR24
TXN000334,ACC480002,2025-04-03 17:58:04.597414,TRANSFER,7934.68,13676.87,CUST5042,BR37
TXN000335,ACC798002,2025-04-03 17:58:04.597414,DEPOSIT,3174.45,22285.76,CUST8498,BR2
TXN000336,ACC639439,2025-03-31 17:58:04.597414,TRANSFER,8573.22,36448.94,CUST7636,BR32
TXN000337,ACC690978,2025-04-04 17:58:04.597414,TRANSFER,9062.37,1443.65,CUST8362,BR24
TXN000338,ACC628787,2025-04-16 17:58:04.597414,WITHDRAWAL,2776.28,29883.25,CUST1011,BR9
TXN000339,ACC630583,2025-04-05 17:58:04.597414,WITHDRAWAL,9835.38,31051.29,CUST1194,BR4
TXN000340,ACC488215,2025-04-07 17:58:04.597414,WITHDRAWAL,1415.71,32246.72,CUST3537,BR17
TXN000341,ACC421184,2025-04-17 17:58:04.597414,TRANSFER,2028.14,12859.08,CUST3842,BR17
TXN000342,ACC898615,2025-04-12 17:58:04.597414,WITHDRAWAL,1850.41,35988.58,CUST3229,BR48
TXN000343,ACC522515,2025-04-12 17:58:04.597414,DEPOSIT,8940.96,5478.18,CUST4009,BR30
TXN000344,ACC768234,2025-04-26 17:58:04.597414,DEPOSIT,6546.38,10764.25,CUST8984,BR40
TXN000345,ACC478480,2025-03-29 17:58:04.597414,TRANSFER,1529.52,43996.03,CUST3077,BR11
TXN000346,ACC132711,2025-04-17 17:58:04.597414,TRANSFER,4408.83,37197.43,CUST8845,BR21
TXN000347,ACC891971,2025-04-27 17:58:04.597414,WITHDRAWAL,6156.83,1673.53,CUST4867,BR21
TXN000348,ACC601157,2025-04-04 17:58:04.597414,TRANSFER,843.81,13170.44,CUST5873,BR18
TXN000349,ACC284423,2025-04-24 17:58:04.597414,TRANSFER,8825.34,11505.92,CUST9635,BR29
TXN000350,ACC616349,2025-04-01 17:58:04.597414,DEPOSIT,8038.0,14269.51,CUST1297,BR24
TXN000351,ACC803714,2025-04-26 17:58:04.597414,DEPOSIT,5057.02,13130.43,CUST6856,BR10
TXN000352,ACC757917,2025-04-03 17:58:04.597414,WITHDRAWAL,9671.59,4063.79,CUST2015,BR45
TXN000353,ACC924792,2025-04-22 17:58:04.597414,TRANSFER,4183.43,23488.09,CUST2384,BR17
TXN000354,ACC837378,2025-03-29 17:58:04.597414,TRANSFER,9841.26,36903.94,CUST9745,BR18
TXN000355,ACC233272,2025-04-26 17:58:04.597414,DEPOSIT,6682.52,30729.85,CUST3350,BR42
TXN000356,ACC867836,2025-04-02 17:58:04.597414,TRANSFER,6350.37,33970.71,CUST2269,BR48
TXN000357,ACC802335,2025-04-24 17:58:04.597414,DEPOSIT,1667.89,4976.31,CUST2260,BR20
TXN000358,ACC907789,2025-04-20 17:58:04.597414,WITHDRAWAL,8820.46,47623.04,CUST8701,BR37
TXN000359,ACC743409,2025-03-29 17:58:04.597414,DEPOSIT,4280.62,42086.1,CUST9376,BR45
TXN000360,ACC177505,2025-04-27 17:58:04.597414,TRANSFER,1630.71,40449.43,CUST5563,BR18
TXN000361,ACC102869,2025-04-01 17:58:04.597414,WITHDRAWAL,135.95,41326.21,CUST7897,BR17
TXN000362,ACC881474,2025-04-19 17:58:04.597414,DEPOSIT,5601.96,46702.81,CUST6672,BR9
TXN000363,ACC554351,2025-03-30 17:58:04.597414,DEPOSIT,5278.72,27668.44,CUST6593,BR14
TXN000364,ACC412252,2025-04-07 17:58:04.597414,WITHDRAWAL,7196.34,10813.82,CUST7155,BR49
TXN000365,ACC736584,2025-04-02 17:58:04.597414,WITHDRAWAL,8903.68,31222.4,CUST6543,BR29
TXN000366,ACC718467,2025-04-24 17:58:04.597414,DEPOSIT,803.27,37401.19,CUST8240,BR31
TXN000367,ACC190272,2025-04-07 17:58:04.597414,TRANSFER,7317.65,37157.95,CUST5683,BR4
TXN000368,ACC138467,2025-03-29 17:58:04.597414,DEPOSIT,1882.25,26551.0,CUST2881,BR18
TXN000369,ACC909760,2025-04-19 17:58:04.597414,WITHDRAWAL,8583.19,4354.48,CUST9713,BR20
TXN000370,ACC977844,2025-04-03 17:58:04.597414,DEPOSIT,8192.44,19184.53,CUST4809,BR47
TXN000371,ACC580047,2025-04-10 17:58:04.597414,WITHDRAWAL,5412.53,46117.56,CUST6807,BR43
TXN000372,ACC759347,2025-04-12 17:58:04.597414,WITHDRAWAL,7105.33,29638.0,CUST5883,BR44
TXN000373,ACC158871,2025-04-01 17:58:04.597414,TRANSFER,3150.36,27378.27,CUST8206,BR9
TXN000374,ACC228391,2025-04-10 17:58:04.597414,WITHDRAWAL,4716.97,14173.82,CUST5155,BR13
TXN000375,ACC539430,2025-04-21 17:58:04.597414,WITHDRAWAL,8218.15,19054.0,CUST5673,BR15
TXN000376,ACC710704,2025-04-17 17:58:04.597414,TRANSFER,4598.06,44871.96,CUST2409,BR27
TXN000377,ACC956703,2025-04-21 17:58:04.597414,WITHDRAWAL,3584.4,33656.69,CUST6197,BR15
TXN000378,ACC930496,2025-04-12 17:58:04.597414,TRANSFER,4947.18,39581.96,CUST8452,BR28
TXN000379,ACC356687,2025-04-26 17:58:04.597414,TRANSFER,8284.21,23262.93,CUST9718,BR37
TXN000380,ACC825451,2025-04-05 17:58:04.597414,WITHDRAWAL,3358.73,31882.11,CUST3172,BR19
TXN000381,ACC207450,2025-04-02 17:58:04.597414,WITHDRAWAL,1745.88,13170.8,CUST1279,BR26
TXN000382,ACC271890,2025-04-26 17:58:04.597414,DEPOSIT,7123.02,35567.58,CUST4977,BR26
TXN000383,ACC538741,2025-04-12 17:58:04.597414,TRANSFER,8261.52,21952.47,CUST3669,BR25
TXN000384,ACC381974,2025-04-01 17:58:04.597414,DEPOSIT,1015.37,22684.73,CUST8825,BR26
TXN000385,ACC500109,2025-04-09 17:58:04.597414,WITHDRAWAL,2406.34,32816.79,CUST4981,BR26
TXN000386,ACC216381,2025-04-10 17:58:04.597414,DEPOSIT,1428.3,46877.75,CUST5769,BR46
TXN000387,ACC573125,2025-03-30 17:58:04.597414,TRANSFER,3485.93,4136.31,CUST6247,BR28
TXN000388,ACC671621,2025-04-24 17:58:04.597414,DEPOSIT,4509.01,41412.42,CUST5427,BR49
TXN000389,ACC234508,2025-04-16 17:58:04.597414,TRANSFER,7490.78,15326.77,CUST7135,BR18
TXN000390,ACC829650,2025-04-16 17:58:04.597414,WITHDRAWAL,6514.96,22752.05,CUST6573,BR32
TXN000391,ACC962645,2025-04-01 17:58:04.597414,WITHDRAWAL,6213.08,2073.75,CUST5131,BR3
TXN000392,ACC499111,2025-04-01 17:58:04.597414,TRANSFER,3530.23,15751.26,CUST8189,BR2
TXN000393,ACC250810,2025-04-23 17:58:04.597414,WITHDRAWAL,8416.06,25628.93,CUST5535,BR33
TXN000394,ACC392890,2025-04-08 17:58:04.597414,WITHDRAWAL,4718.16,3752.63,CUST3776,BR42
TXN000395,ACC673665,2025-04-24 17:58:04.597414,WITHDRAWAL,9791.26,25063.69,CUST8697,BR19
TXN000396,ACC940477,2025-04-02 17:58:04.597414,WITHDRAWAL,6345.08,46428.42,CUST9386,BR17
TXN000397,ACC460032,2025-04-17 17:58:04.597414,TRANSFER,1271.38,6164.27,CUST1662,BR44
TXN000398,ACC469599,2025-04-08 17:58:04.597414,DEPOSIT,6765.01,38457.6,CUST9671,BR33
TXN000399,ACC760960,2025-04-27 17:58:04.597414,DEPOSIT,3257.79,21073.88,CUST9044,BR12
TXN000400,ACC850020,2025-04-07 17:58:04.597414,WITHDRAWAL,6866.41,33103.51,CUST5218,BR49
TXN000401,ACC979611,2025-04-05 17:58:04.597414,DEPOSIT,705.72,13751.59,CUST6060,BR3
TXN000402,ACC271836,2025-04-03 17:58:04.597414,DEPOSIT,1757.07,8815.12,CUST6874,BR43
TXN000403,ACC829903,2025-04-03 17:58:04.597414,WITHDRAWAL,8558.82,8862.67,CUST6581,BR49
TXN000404,ACC145714,2025-04-05 17:58:04.597414,WITHDRAWAL,2279.52,4454.11,CUST3014,BR26
TXN000405,ACC727234,2025-04-20 17:58:04.597414,DEPOSIT,8372.04,10096.69,CUST4789,BR35
TXN000406,ACC996048,2025-04-12 17:58:04.597414,TRANSFER,2799.97,33546.75,CUST8148,BR8
TXN000407,ACC730271,2025-04-23 17:58:04.597414,WITHDRAWAL,6432.39,44202.84,CUST8766,BR36
TXN000408,ACC566960,2025-04-11 17:58:04.597414,TRANSFER,6944.56,40892.16,CUST3364,BR7
TXN000409,ACC811851,2025-04-08 17:58:04.597414,DEPOSIT,5131.42,34571.58,CUST4629,BR46
TXN000410,ACC224123,2025-04-09 17:58:04.597414,WITHDRAWAL,3060.05,6411.16,CUST6919,BR46
TXN000411,ACC405628,2025-04-23 17:58:04.597414,TRANSFER,2134.32,15170.18,CUST6675,BR36
TXN000412,ACC182989,2025-04-10 17:58:04.597414,WITHDRAWAL,341.56,16180.54,CUST9872,BR16
TXN000413,ACC398356,2025-04-05 17:58:04.597414,DEPOSIT,3046.42,13247.89,CUST7638,BR24
TXN000414,ACC929957,2025-04-27 17:58:04.597414,TRANSFER,6535.1,26235.28,CUST5651,BR1
TXN000415,ACC278274,2025-04-15 17:58:04.597414,DEPOSIT,9383.67,27242.14,CUST1609,BR49
TXN000416,ACC787995,2025-04-22 17:58:04.597414,DEPOSIT,8713.33,18487.41,CUST8940,BR25
TXN000417,ACC425352,2025-03-29 17:58:04.597414,WITHDRAWAL,7662.99,18335.67,CUST4866,BR10
TXN000418,ACC920260,2025-04-12 17:58:04.597414,TRANSFER,7886.59,41599.22,CUST1371,BR16
TXN000419,ACC511927,2025-04-05 17:58:04.597414,DEPOSIT,6653.2,39675.35,CUST7998,BR16
TXN000420,ACC889852,2025-04-25 17:58:04.597414,DEPOSIT,2610.27,16082.0,CUST1615,BR8
TXN000421,ACC983184,2025-04-08 17:58:04.597414,TRANSFER,9072.88,45775.63,CUST7911,BR29
TXN000422,ACC231373,2025-04-09 17:58:04.597414,DEPOSIT,6710.62,47687.94,CUST7010,BR39
TXN000423,ACC538452,2025-04-09 17:58:04.597414,DEPOSIT,5608.8,17010.38,CUST3253,BR28
TXN000424,ACC215294,2025-04-01 17:58:04.597414,TRANSFER,1118.78,18366.82,CUST5942,BR6
TXN000425,ACC559451,2025-04-13 17:58:04.597414,TRANSFER,4476.08,25776.07,CUST1864,BR16
TXN000426,ACC748307,2025-04-01 17:58:04.597414,TRANSFER,4608.98,47114.92,CUST2268,BR20
TXN000427,ACC165726,2025-04-02 17:58:04.597414,TRANSFER,8646.99,43939.65,CUST8454,BR16
TXN000428,ACC241564,2025-04-21 17:58:04.597414,WITHDRAWAL,5471.02,6025.83,CUST9976,BR7
TXN000429,ACC477812,2025-04-02 17:58:04.597414,TRANSFER,3810.2,20243.81,CUST5571,BR41
TXN000430,ACC368246,2025-04-05 17:58:04.597414,WITHDRAWAL,9768.24,28115.19,CUST6229,BR14
TXN000431,ACC805696,2025-04-07 17:58:04.597414,WITHDRAWAL,1116.1,25653.49,CUST3237,BR43
TXN000432,ACC218015,2025-04-14 17:58:04.597414,WITHDRAWAL,4231.26,10499.29,CUST5054,BR26
TXN000433,ACC840674,2025-04-25 17:58:04.597414,DEPOSIT,429.83,43082.02,CUST1935,BR26
TXN000434,ACC354079,2025-04-23 17:58:04.597414,WITHDRAWAL,7401.64,34170.1,CUST7394,BR14
TXN000435,ACC650929,2025-04-06 17:58:04.597414,WITHDRAWAL,9181.58,42057.51,CUST8891,BR7
TXN000436,ACC789944,2025-04-19 17:58:04.597414,DEPOSIT,2807.57,43079.45,CUST1325,BR33
TXN000437,ACC788105,2025-04-16 17:58:04.597414,DEPOSIT,8584.83,37669.44,CUST8774,BR26
TXN000438,ACC613758,2025-04-26 17:58:04.597414,DEPOSIT,2929.26,22521.32,CUST4861,BR45
TXN000439,ACC465890,2025-04-11 17:58:04.597414,TRANSFER,9108.59,30916.79,CUST2985,BR20
TXN000440,ACC545101,2025-04-05 17:58:04.597414,DEPOSIT,7542.08,8857.9,CUST5932,BR3
TXN000441,ACC136631,2025-04-06 17:58:04.597414,DEPOSIT,8051.02,34008.63,CUST5603,BR4
TXN000442,ACC866577,2025-04-19 17:58:04.597414,WITHDRAWAL,189.89,9783.41,CUST3778,BR26
TXN000443,ACC172991,2025-04-08 17:58:04.597414,DEPOSIT,9628.48,35003.53,CUST9832,BR11
TXN000444,ACC104014,2025-04-20 17:58:04.597414,TRANSFER,7269.44,12250.31,CUST8754,BR2
TXN000445,ACC373237,2025-03-29 17:58:04.597414,DEPOSIT,3054.46,6760.01,CUST5078,BR14
TXN000446,ACC118070,2025-04-11 17:58:04.597414,TRANSFER,8295.65,9098.94,CUST2367,BR44
TXN000447,ACC922209,2025-04-02 17:58:04.597414,DEPOSIT,2822.4,1097.61,CUST5042,BR30
TXN000448,ACC156958,2025-04-18 17:58:04.597414,DEPOSIT,8728.81,36218.24,CUST3575,BR49
TXN000449,ACC182074,2025-04-23 17:58:04.597414,DEPOSIT,1134.68,36887.65,CUST7754,BR12
TXN000450,ACC635017,2025-04-11 17:58:04.597414,DEPOSIT,7039.82,26231.73,CUST2581,BR26
TXN000451,ACC855073,2025-04-01 17:58:04.597414,TRANSFER,5411.58,8906.78,CUST2986,BR44
TXN000452,ACC276089,2025-04-19 17:58:04.597414,TRANSFER,974.38,5094.16,CUST3240,BR33
TXN000453,ACC297392,2025-04-20 17:58:04.597414,WITHDRAWAL,2426.52,1937.32,CUST4966,BR13
TXN000454,ACC258823,2025-04-22 17:58:04.597414,TRANSFER,133.92,9121.66,CUST8604,BR14
TXN000455,ACC730152,2025-03-29 17:58:04.597414,DEPOSIT,4692.99,44651.92,CUST9320,BR24
TXN000456,ACC493002,2025-04-19 17:58:04.597414,WITHDRAWAL,3019.64,12835.31,CUST6968,BR34
TXN000457,ACC833429,2025-04-20 17:58:04.597414,WITHDRAWAL,5987.59,18359.3,CUST8493,BR44
TXN000458,ACC598863,2025-04-16 17:58:04.597414,WITHDRAWAL,2979.41,6161.93,CUST5103,BR26
TXN000459,ACC467654,2025-04-05 17:58:04.597414,DEPOSIT,3006.19,11895.7,CUST3076,BR21
TXN000460,ACC679036,2025-04-12 17:58:04.597414,TRANSFER,7434.5,26442.0,CUST6231,BR28
TXN000461,ACC630089,2025-04-18 17:58:04.597414,DEPOSIT,490.95,30779.88,CUST3994,BR48
TXN000462,ACC250262,2025-04-12 17:58:04.597414,WITHDRAWAL,9029.92,13022.26,CUST4744,BR36
TXN000463,ACC542905,2025-04-06 17:58:04.597414,DEPOSIT,8524.12,3828.88,CUST6594,BR40
TXN000464,ACC335362,2025-04-18 17:58:04.597414,DEPOSIT,6681.37,20160.61,CUST8531,BR2
TXN000465,ACC544209,2025-04-06 17:58:04.597414,TRANSFER,5936.28,12475.97,CUST8371,BR42
TXN000466,ACC653880,2025-04-07 17:58:04.597414,TRANSFER,8924.1,11758.14,CUST2644,BR9
TXN000467,ACC897079,2025-04-17 17:58:04.597414,WITHDRAWAL,1861.45,48033.28,CUST4144,BR23
TXN000468,ACC764076,2025-04-22 17:58:04.597414,DEPOSIT,798.9,31198.72,CUST1242,BR15
TXN000469,ACC319963,2025-04-18 17:58:04.597414,DEPOSIT,2402.71,28287.04,CUST5085,BR13
TXN000470,ACC580761,2025-04-23 17:58:04.597414,TRANSFER,7947.84,21372.98,CUST8954,BR23
TXN000471,ACC348710,2025-04-06 17:58:04.597414,DEPOSIT,356.36,22018.27,CUST8269,BR17
TXN000472,ACC320984,2025-03-31 17:58:04.597414,DEPOSIT,5832.24,27504.35,CUST8130,BR48
TXN000473,ACC997059,2025-04-17 17:58:04.597414,DEPOSIT,9954.42,35125.06,CUST7828,BR2
TXN000474,ACC956748,2025-04-22 17:58:04.597414,TRANSFER,8558.4,35405.16,CUST9362,BR20
TXN000475,ACC882355,2025-04-23 17:58:04.597414,WITHDRAWAL,5219.24,9413.0,CUST9844,BR20
TXN000476,ACC364512,2025-04-08 17:58:04.597414,WITHDRAWAL,645.77,25505.52,CUST7331,BR46
TXN000477,ACC701863,2025-04-03 17:58:04.597414,DEPOSIT,8315.42,21185.95,CUST4512,BR3
TXN000478,ACC368799,2025-03-30 17:58:04.597414,WITHDRAWAL,5993.8,43655.82,CUST2499,BR12
TXN000479,ACC337549,2025-04-04 17:58:04.597414,TRANSFER,1158.18,31939.53,CUST3158,BR40
TXN000480,ACC694319,2025-04-15 17:58:04.597414,TRANSFER,947.63,27092.7,CUST6162,BR2
TXN000481,ACC584299,2025-04-24 17:58:04.597414,WITHDRAWAL,9097.17,6654.34,CUST5039,BR36
TXN000482,ACC712210,2025-03-30 17:58:04.597414,WITHDRAWAL,6695.31,30676.26,CUST3035,BR14
TXN000483,ACC548982,2025-04-24 17:58:04.597414,DEPOSIT,8294.58,6742.99,CUST8977,BR16
TXN000484,ACC224046,2025-04-14 17:58:04.597414,WITHDRAWAL,8791.0,17523.12,CUST1857,BR19
TXN000485,ACC506619,2025-04-08 17:58:04.597414,DEPOSIT,5722.01,7999.26,CUST4823,BR34
TXN000486,ACC132097,2025-04-24 17:58:04.597414,DEPOSIT,5179.29,34911.61,CUST7770,BR44
TXN000487,ACC766326,2025-04-09 17:58:04.597414,TRANSFER,4309.97,11106.35,CUST1298,BR46
TXN000488,ACC749150,2025-04-24 17:58:04.597414,TRANSFER,3176.3,20201.11,CUST8244,BR6
TXN000489,ACC330229,2025-04-16 17:58:04.597414,TRANSFER,4351.61,44888.06,CUST1923,BR13
TXN000490,ACC218834,2025-04-19 17:58:04.597414,TRANSFER,7741.06,11011.5,CUST5232,BR36
TXN000491,ACC193848,2025-04-21 17:58:04.597414,WITHDRAWAL,6023.22,25882.45,CUST5306,BR22
TXN000492,ACC152921,2025-04-22 17:58:04.597414,TRANSFER,8926.31,21544.31,CUST3799,BR18
TXN000493,ACC805086,2025-04-04 17:58:04.597414,WITHDRAWAL,4439.37,1888.08,CUST7578,BR12
TXN000494,ACC750429,2025-04-17 17:58:04.597414,TRANSFER,6074.82,39845.15,CUST5875,BR30
TXN000495,ACC805660,2025-04-03 17:58:04.597414,WITHDRAWAL,6316.76,4383.25,CUST6326,BR40
TXN000496,ACC384821,2025-04-18 17:58:04.597414,DEPOSIT,5921.05,24238.5,CUST7582,BR7
TXN000497,ACC155609,2025-04-21 17:58:04.597414,WITHDRAWAL,7029.31,28473.24,CUST2802,BR32
TXN000498,ACC327897,2025-03-29 17:58:04.597414,WITHDRAWAL,2381.96,31792.9,CUST3657,BR48
TXN000499,ACC131024,2025-04-14 17:58:04.597414,TRANSFER,5128.51,34742.95,CUST4346,BR19
TXN000500,ACC170313,2025-04-26 17:58:04.597414,WITHDRAWAL,1051.21,13410.35,CUST3949,BR6
TXN000501,ACC489957,2025-04-08 17:58:04.597414,DEPOSIT,3851.27,1488.96,CUST1941,BR20
TXN000502,ACC284078,2025-04-19 17:58:04.597414,DEPOSIT,4881.79,36448.74,CUST2907,BR27
TXN000503,ACC457429,2025-04-23 17:58:04.597414,TRANSFER,6525.72,27247.17,CUST5837,BR43
TXN000504,ACC561243,2025-04-25 17:58:04.597414,DEPOSIT,9505.81,41969.77,CUST9105,BR37
TXN000505,ACC213632,2025-04-15 17:58:04.597414,WITHDRAWAL,6010.5,41248.03,CUST2243,BR48
TXN000506,ACC351451,2025-04-18 17:58:04.597414,DEPOSIT,7438.5,42322.98,CUST6696,BR7
TXN000507,ACC103051,2025-04-14 17:58:04.597414,TRANSFER,5067.6,24769.64,CUST2466,BR5
TXN000508,ACC804107,2025-04-04 17:58:04.597414,WITHDRAWAL,6344.7,17347.79,CUST4957,BR11
TXN000509,ACC476836,2025-04-14 17:58:04.597414,TRANSFER,718.61,39786.35,CUST2966,BR15
TXN000510,ACC711523,2025-04-17 17:58:04.597414,WITHDRAWAL,2551.37,23113.41,CUST1375,BR3
TXN000511,ACC821772,2025-04-06 17:58:04.597414,DEPOSIT,3624.91,9988.67,CUST1262,BR5
TXN000512,ACC289407,2025-04-14 17:58:04.597414,TRANSFER,4730.21,42893.73,CUST5362,BR23
TXN000513,ACC549395,2025-04-17 17:58:04.597414,TRANSFER,466.03,44245.43,CUST7502,BR37
TXN000514,ACC562894,2025-04-19 17:58:04.597414,WITHDRAWAL,1408.84,23849.18,CUST8833,BR9
TXN000515,ACC311810,2025-04-19 17:58:04.597414,TRANSFER,2775.37,4709.29,CUST2893,BR15
TXN000516,ACC827975,2025-04-25 17:58:04.597414,WITHDRAWAL,9715.61,20003.48,CUST9106,BR3
TXN000517,ACC173523,2025-04-26 17:58:04.597414,WITHDRAWAL,3320.16,40373.35,CUST2652,BR29
TXN000518,ACC860463,2025-04-05 17:58:04.597414,WITHDRAWAL,4825.59,45186.93,CUST6540,BR6
TXN000519,ACC194476,2025-04-14 17:58:04.597414,WITHDRAWAL,1969.02,10970.16,CUST4892,BR17
TXN000520,ACC333841,2025-04-04 17:58:04.597414,DEPOSIT,6111.69,4281.71,CUST1599,BR26
TXN000521,ACC903451,2025-03-29 17:58:04.597414,WITHDRAWAL,2814.03,43990.17,CUST5815,BR21
TXN000522,ACC970045,2025-04-10 17:58:04.597414,TRANSFER,2077.86,20080.84,CUST2912,BR8
TXN000523,ACC322866,2025-04-27 17:58:04.597414,DEPOSIT,5170.56,27546.29,CUST9792,BR21
TXN000524,ACC186672,2025-04-20 17:58:04.597414,TRANSFER,65.0,48435.22,CUST9572,BR11
TXN000525,ACC698135,2025-04-16 17:58:04.597414,DEPOSIT,86.56,4261.67,CUST5213,BR38
TXN000526,ACC444894,2025-04-24 17:58:04.597414,WITHDRAWAL,2198.5,32767.58,CUST4637,BR8
TXN000527,ACC834994,2025-04-21 17:58:04.597414,DEPOSIT,376.85,4631.17,CUST6599,BR42
TXN000528,ACC128251,2025-04-16 17:58:04.597414,DEPOSIT,1089.18,19397.98,CUST7448,BR24
TXN000529,ACC727769,2025-04-27 17:58:04.597414,TRANSFER,3395.22,40386.91,CUST9557,BR35
TXN000530,ACC474710,2025-04-27 17:58:04.597414,TRANSFER,8027.83,22240.14,CUST8382,BR14
TXN000531,ACC650233,2025-04-26 17:58:04.597414,WITHDRAWAL,5724.77,49861.94,CUST9982,BR14
TXN000532,ACC977284,2025-04-14 17:58:04.597414,DEPOSIT,5131.55,28393.9,CUST4569,BR10
TXN000533,ACC132217,2025-04-10 17:58:04.597414,DEPOSIT,2941.95,16736.95,CUST8707,BR12
TXN000534,ACC108308,2025-04-26 17:58:04.597414,DEPOSIT,9318.22,11785.45,CUST1746,BR38
TXN000535,ACC368093,2025-04-27 17:58:04.597414,WITHDRAWAL,3976.18,18175.51,CUST9504,BR44
TXN000536,ACC283062,2025-04-13 17:58:04.597414,WITHDRAWAL,880.06,19254.13,CUST5633,BR46
TXN000537,ACC494366,2025-04-05 17:58:04.597414,WITHDRAWAL,6174.49,4366.97,CUST1920,BR34
TXN000538,ACC844840,2025-04-16 17:58:04.597414,WITHDRAWAL,1147.25,19109.14,CUST8008,BR41
TXN000539,ACC200235,2025-04-15 17:58:04.597414,WITHDRAWAL,3458.78,23747.69,CUST3381,BR10
TXN000540,ACC174740,2025-03-29 17:58:04.597414,TRANSFER,5079.05,36414.15,CUST4618,BR17
TXN000541,ACC478496,2025-04-11 17:58:04.597414,DEPOSIT,8743.48,33179.74,CUST9989,BR17
TXN000542,ACC953049,2025-04-16 17:58:04.597414,DEPOSIT,4940.53,35729.52,CUST5443,BR3
TXN000543,ACC850201,2025-04-12 17:58:04.597414,DEPOSIT,7025.57,1409.82,CUST1272,BR31
TXN000544,ACC903328,2025-04-15 17:58:04.597414,DEPOSIT,9928.24,11665.7,CUST2773,BR1
TXN000545,ACC277247,2025-03-30 17:58:04.597414,DEPOSIT,1323.58,33422.53,CUST3547,BR12
TXN000546,ACC763165,2025-04-19 17:58:04.597414,DEPOSIT,2754.57,24715.48,CUST4164,BR39
TXN000547,ACC629525,2025-04-25 17:58:04.597414,DEPOSIT,3951.81,1260.36,CUST5780,BR4
TXN000548,ACC120056,2025-04-14 17:58:04.597414,DEPOSIT,4224.06,40420.24,CUST1946,BR42
TXN000549,ACC276615,2025-04-15 17:58:04.597414,TRANSFER,4116.1,38867.67,CUST1506,BR13
TXN000550,ACC287628,2025-04-27 17:58:04.597414,DEPOSIT,9077.03,27872.54,CUST7719,BR34
TXN000551,ACC738836,2025-04-03 17:58:04.597414,TRANSFER,7143.19,4256.7,CUST9435,BR42
TXN000552,ACC473632,2025-04-16 17:58:04.597414,WITHDRAWAL,6082.97,38559.24,CUST9697,BR21
TXN000553,ACC234415,2025-04-01 17:58:04.597414,DEPOSIT,3100.63,29601.97,CUST7360,BR22
TXN000554,ACC506716,2025-03-29 17:58:04.597414,WITHDRAWAL,8239.67,39316.04,CUST8657,BR4
TXN000555,ACC546438,2025-04-05 17:58:04.597414,WITHDRAWAL,9551.05,37835.6,CUST4590,BR18
TXN000556,ACC653663,2025-04-26 17:58:04.597414,WITHDRAWAL,8213.77,40347.1,CUST2192,BR5
TXN000557,ACC765022,2025-04-20 17:58:04.597414,TRANSFER,25.64,26382.4,CUST2464,BR19
TXN000558,ACC641252,2025-04-04 17:58:04.597414,WITHDRAWAL,6367.65,7875.9,CUST1390,BR2
TXN000559,ACC737717,2025-03-31 17:58:04.597414,WITHDRAWAL,520.84,33886.72,CUST6615,BR12
TXN000560,ACC352764,2025-04-07 17:58:04.597414,WITHDRAWAL,2583.5,31403.22,CUST7106,BR17
TXN000561,ACC814998,2025-04-07 17:58:04.597414,DEPOSIT,604.65,37370.41,CUST9864,BR10
TXN000562,ACC566882,2025-04-16 17:58:04.597414,DEPOSIT,6041.92,9324.17,CUST3560,BR34
TXN000563,ACC840427,2025-04-11 17:58:04.597414,TRANSFER,6869.03,10553.78,CUST6867,BR6
TXN000564,ACC612153,2025-03-30 17:58:04.597414,TRANSFER,1153.73,44630.07,CUST2211,BR8
TXN000565,ACC167215,2025-04-25 17:58:04.597414,DEPOSIT,3844.55,37748.91,CUST2539,BR11
TXN000566,ACC955474,2025-03-29 17:58:04.597414,TRANSFER,4567.8,45503.2,CUST1643,BR12
TXN000567,ACC244356,2025-04-20 17:58:04.597414,DEPOSIT,3696.84,38177.05,CUST9693,BR9
TXN000568,ACC303861,2025-04-20 17:58:04.597414,WITHDRAWAL,1219.04,30260.61,CUST9921,BR2
TXN000569,ACC455612,2025-04-25 17:58:04.597414,WITHDRAWAL,4195.29,33052.5,CUST2283,BR8
TXN000570,ACC554605,2025-04-15 17:58:04.597414,TRANSFER,7514.27,44567.27,CUST8680,BR11
TXN000571,ACC109435,2025-04-04 17:58:04.597414,DEPOSIT,719.37,29361.53,CUST8345,BR36
TXN000572,ACC547556,2025-04-26 17:58:04.597414,DEPOSIT,811.0,31987.17,CUST5386,BR10
TXN000573,ACC799438,2025-04-05 17:58:04.597414,TRANSFER,3554.17,8667.36,CUST1919,BR21
TXN000574,ACC965264,2025-03-29 17:58:04.597414,DEPOSIT,9417.84,24222.14,CUST3339,BR20
TXN000575,ACC675581,2025-04-22 17:58:04.597414,WITHDRAWAL,6689.04,36103.46,CUST9947,BR48
TXN000576,ACC178781,2025-04-20 17:58:04.597414,TRANSFER,6789.91,14276.19,CUST6930,BR8
TXN000577,ACC291475,2025-03-31 17:58:04.597414,TRANSFER,3625.58,10910.45,CUST6402,BR36
TXN000578,ACC260196,2025-04-21 17:58:04.597414,DEPOSIT,5940.67,16377.51,CUST6663,BR29
TXN000579,ACC326507,2025-04-20 17:58:04.597414,TRANSFER,111.21,12833.53,CUST6275,BR42
TXN000580,ACC406063,2025-04-24 17:58:04.597414,DEPOSIT,6364.6,11530.72,CUST1507,BR12
TXN000581,ACC864121,2025-04-26 17:58:04.597414,DEPOSIT,9133.74,21817.69,CUST2436,BR14
TXN000582,ACC876665,2025-04-05 17:58:04.597414,DEPOSIT,6129.61,45484.09,CUST9750,BR48
TXN000583,ACC790607,2025-04-19 17:58:04.597414,DEPOSIT,8738.25,25845.92,CUST8354,BR21
TXN000584,ACC221172,2025-04-22 17:58:04.597414,DEPOSIT,7242.49,10208.1,CUST5516,BR22
TXN000585,ACC456902,2025-04-12 17:58:04.597414,TRANSFER,1214.38,4771.61,CUST4622,BR21
TXN000586,ACC584963,2025-04-02 17:58:04.597414,WITHDRAWAL,9025.51,35111.65,CUST5399,BR44
TXN000587,ACC555968,2025-03-31 17:58:04.597414,WITHDRAWAL,673.77,19757.14,CUST6037,BR30
TXN000588,ACC418717,2025-04-16 17:58:04.597414,TRANSFER,5344.34,41269.72,CUST9111,BR39
TXN000589,ACC159101,2025-03-29 17:58:04.597414,TRANSFER,1429.95,33316.03,CUST4715,BR20
TXN000590,ACC595972,2025-04-25 17:58:04.597414,WITHDRAWAL,126.95,40015.83,CUST8837,BR24
TXN000591,ACC388790,2025-04-12 17:58:04.597414,WITHDRAWAL,4226.12,14325.36,CUST2301,BR23
TXN000592,ACC990617,2025-04-05 17:58:04.597414,WITHDRAWAL,2957.46,34925.59,CUST8370,BR7
TXN000593,ACC647337,2025-03-30 17:58:04.597414,WITHDRAWAL,4865.14,13939.04,CUST6185,BR9
TXN000594,ACC834965,2025-03-31 17:58:04.597414,WITHDRAWAL,5776.23,47014.36,CUST3155,BR1
TXN000595,ACC460260,2025-04-21 17:58:04.597414,DEPOSIT,446.95,32182.34,CUST7411,BR26
TXN000596,ACC983811,2025-04-11 17:58:04.597414,TRANSFER,1238.8,16901.08,CUST7365,BR38
TXN000597,ACC692673,2025-04-21 17:58:04.597414,DEPOSIT,5590.84,14206.08,CUST1692,BR38
TXN000598,ACC750419,2025-04-11 17:58:04.597414,WITHDRAWAL,3438.24,10355.4,CUST2478,BR44
TXN000599,ACC533374,2025-04-08 17:58:04.597414,WITHDRAWAL,7294.44,35037.41,CUST7396,BR22
TXN000600,ACC820777,2025-04-13 17:58:04.597414,WITHDRAWAL,6526.39,11717.07,CUST9448,BR44
TXN000601,ACC647577,2025-04-01 17:58:04.597414,DEPOSIT,8457.59,30169.86,CUST1441,BR10
TXN000602,ACC472370,2025-04-17 17:58:04.597414,DEPOSIT,6928.0,13967.12,CUST3646,BR6
TXN000603,ACC987225,2025-04-02 17:58:04.597414,WITHDRAWAL,4305.01,33436.48,CUST6209,BR17
TXN000604,ACC371967,2025-04-19 17:58:04.597414,DEPOSIT,6732.94,40932.05,CUST7533,BR38
TXN000605,ACC291232,2025-04-18 17:58:04.597414,DEPOSIT,2761.06,39123.24,CUST5677,BR24
TXN000606,ACC404119,2025-04-11 17:58:04.597414,WITHDRAWAL,3070.07,38281.72,CUST8211,BR10
TXN000607,ACC109540,2025-04-20 17:58:04.597414,DEPOSIT,7891.96,10198.4,CUST3645,BR8
TXN000608,ACC640652,2025-04-13 17:58:04.597414,TRANSFER,4469.73,5330.86,CUST9210,BR21
TXN000609,ACC497827,2025-04-15 17:58:04.597414,TRANSFER,7985.82,35248.49,CUST8933,BR6
TXN000610,ACC651951,2025-04-04 17:58:04.597414,TRANSFER,8226.0,19049.01,CUST6476,BR21
TXN000611,ACC151991,2025-04-07 17:58:04.597414,TRANSFER,8577.05,22184.97,CUST8928,BR39
TXN000612,ACC288751,2025-04-04 17:58:04.597414,WITHDRAWAL,9167.19,2526.31,CUST3080,BR24
TXN000613,ACC466326,2025-03-29 17:58:04.597414,WITHDRAWAL,4315.54,13719.25,CUST7089,BR33
TXN000614,ACC786337,2025-04-20 17:58:04.597414,WITHDRAWAL,3195.48,2650.14,CUST8396,BR18
TXN000615,ACC718992,2025-04-18 17:58:04.597414,TRANSFER,5826.17,44080.1,CUST8797,BR28
TXN000616,ACC149115,2025-04-16 17:58:04.597414,TRANSFER,3718.01,12926.44,CUST1861,BR32
TXN000617,ACC453151,2025-04-13 17:58:04.597414,DEPOSIT,6014.73,28309.52,CUST9346,BR12
TXN000618,ACC843583,2025-04-26 17:58:04.597414,DEPOSIT,7058.8,2909.99,CUST4494,BR48
TXN000619,ACC291962,2025-04-16 17:58:04.597414,TRANSFER,6887.17,33675.52,CUST1904,BR42
TXN000620,ACC821747,2025-04-01 17:58:04.597414,TRANSFER,3751.78,16828.34,CUST2269,BR27
TXN000621,ACC249143,2025-04-26 17:58:04.597414,TRANSFER,1676.93,44998.04,CUST1404,BR10
TXN000622,ACC814635,2025-04-25 17:58:04.597414,TRANSFER,4310.99,44517.79,CUST2184,BR46
TXN000623,ACC636226,2025-04-15 17:58:04.597414,DEPOSIT,1434.52,16939.24,CUST9938,BR42
TXN000624,ACC453824,2025-03-30 17:58:04.597414,TRANSFER,8902.07,45147.08,CUST2725,BR32
TXN000625,ACC104000,2025-03-29 17:58:04.597414,DEPOSIT,3465.32,49811.73,CUST9462,BR42
TXN000626,ACC825948,2025-04-12 17:58:04.597414,TRANSFER,1553.05,41445.37,CUST6811,BR26
TXN000627,ACC987474,2025-04-02 17:58:04.597414,TRANSFER,264.22,42398.7,CUST6606,BR25
TXN000628,ACC455754,2025-04-17 17:58:04.597414,TRANSFER,6461.77,13201.43,CUST4956,BR11
TXN000629,ACC351492,2025-04-08 17:58:04.597414,DEPOSIT,6372.65,29258.42,CUST1171,BR23
TXN000630,ACC990123,2025-04-07 17:58:04.597414,DEPOSIT,3412.64,4295.54,CUST9465,BR34
TXN000631,ACC599522,2025-03-30 17:58:04.597414,WITHDRAWAL,726.4,5650.98,CUST3306,BR40
TXN000632,ACC591072,2025-03-31 17:58:04.597414,TRANSFER,4102.19,49945.74,CUST1421,BR23
TXN000633,ACC138304,2025-04-20 17:58:04.597414,WITHDRAWAL,3119.06,17005.32,CUST6540,BR29
TXN000634,ACC604999,2025-04-20 17:58:04.597414,WITHDRAWAL,6774.44,37661.01,CUST5675,BR31
TXN000635,ACC431593,2025-04-09 17:58:04.597414,DEPOSIT,6061.73,40526.59,CUST7748,BR7
TXN000636,ACC707274,2025-04-17 17:58:04.597414,DEPOSIT,3652.29,43043.14,CUST7103,BR40
TXN000637,ACC251836,2025-04-02 17:58:04.597414,WITHDRAWAL,2186.75,49883.79,CUST2473,BR33
TXN000638,ACC208940,2025-04-02 17:58:04.597414,TRANSFER,9880.48,12833.33,CUST4243,BR21
TXN000639,ACC924926,2025-04-03 17:58:04.597414,DEPOSIT,4545.48,2977.19,CUST3181,BR2
TXN000640,ACC365517,2025-04-27 17:58:04.597414,TRANSFER,6885.86,21148.38,CUST4096,BR18
TXN000641,ACC767521,2025-04-06 17:58:04.597414,TRANSFER,1414.12,7373.95,CUST7646,BR47
TXN000642,ACC721820,2025-03-30 17:58:04.597414,WITHDRAWAL,4861.04,2098.87,CUST6882,BR33
TXN000643,ACC979090,2025-04-18 17:58:04.597414,WITHDRAWAL,285.09,18660.91,CUST6982,BR37
TXN000644,ACC485777,2025-04-09 17:58:04.597414,WITHDRAWAL,5059.5,39403.17,CUST6798,BR34
TXN000645,ACC724674,2025-03-31 17:58:04.597414,WITHDRAWAL,9640.53,28742.85,CUST9415,BR20
TXN000646,ACC651638,2025-04-17 17:58:04.597414,DEPOSIT,3848.23,16326.12,CUST9411,BR35
TXN000647,ACC717296,2025-04-23 17:58:04.597414,DEPOSIT,399.57,33062.76,CUST9456,BR18
TXN000648,ACC980729,2025-04-19 17:58:04.597414,WITHDRAWAL,319.25,12368.89,CUST5524,BR46
TXN000649,ACC649639,2025-04-09 17:58:04.597414,DEPOSIT,3885.99,1704.69,CUST7559,BR24
TXN000650,ACC712956,2025-04-21 17:58:04.597414,WITHDRAWAL,1608.65,38453.32,CUST8620,BR8
TXN000651,ACC738873,2025-04-14 17:58:04.597414,TRANSFER,243.29,31563.41,CUST3774,BR30
TXN000652,ACC437497,2025-04-07 17:58:04.597414,TRANSFER,7564.57,38352.83,CUST6673,BR44
TXN000653,ACC307869,2025-04-27 17:58:04.597414,TRANSFER,4590.64,2907.96,CUST4124,BR10
TXN000654,ACC165953,2025-04-21 17:58:04.597414,WITHDRAWAL,2899.56,42018.86,CUST9671,BR23
TXN000655,ACC943890,2025-04-24 17:58:04.597414,TRANSFER,9001.83,31356.78,CUST2353,BR49
TXN000656,ACC600328,2025-04-11 17:58:04.597414,DEPOSIT,1170.23,28606.37,CUST4854,BR11
TXN000657,ACC906790,2025-04-20 17:58:04.597414,TRANSFER,9559.63,31606.09,CUST9134,BR2
TXN000658,ACC103267,2025-04-14 17:58:04.597414,TRANSFER,3146.53,43357.23,CUST1924,BR26
TXN000659,ACC182745,2025-04-15 17:58:04.597414,TRANSFER,8885.15,29759.89,CUST3170,BR36
TXN000660,ACC976020,2025-04-16 17:58:04.597414,DEPOSIT,6033.4,29466.57,CUST6506,BR33
TXN000661,ACC924945,2025-04-14 17:58:04.597414,WITHDRAWAL,8268.81,49543.28,CUST3395,BR47
TXN000662,ACC257164,2025-04-11 17:58:04.597414,DEPOSIT,9840.29,38079.78,CUST9220,BR13
TXN000663,ACC635626,2025-04-06 17:58:04.597414,WITHDRAWAL,2891.17,22672.4,CUST9226,BR40
TXN000664,ACC231484,2025-04-05 17:58:04.597414,WITHDRAWAL,9611.74,35662.45,CUST6515,BR25
TXN000665,ACC631831,2025-03-30 17:58:04.597414,TRANSFER,3900.92,20072.29,CUST3670,BR4
TXN000666,ACC992323,2025-04-10 17:58:04.597414,WITHDRAWAL,3861.26,12214.9,CUST4365,BR42
TXN000667,ACC160692,2025-04-22 17:58:04.597414,DEPOSIT,3410.47,30245.74,CUST1588,BR19
TXN000668,ACC320156,2025-04-04 17:58:04.597414,DEPOSIT,5418.66,46480.92,CUST4138,BR18
TXN000669,ACC323992,2025-04-06 17:58:04.597414,WITHDRAWAL,1549.91,46527.84,CUST7663,BR37
TXN000670,ACC616771,2025-04-19 17:58:04.597414,TRANSFER,5541.58,17753.36,CUST5086,BR30
TXN000671,ACC930857,2025-04-19 17:58:04.597414,TRANSFER,5421.63,26856.2,CUST9531,BR19
TXN000672,ACC663044,2025-04-08 17:58:04.597414,DEPOSIT,7621.4,11370.16,CUST5270,BR23
TXN000673,ACC643176,2025-04-11 17:58:04.597414,TRANSFER,8338.16,49785.92,CUST7019,BR16
TXN000674,ACC791095,2025-04-01 17:58:04.597414,WITHDRAWAL,4410.01,49074.78,CUST1556,BR1
TXN000675,ACC933727,2025-04-23 17:58:04.597414,WITHDRAWAL,3030.31,32825.94,CUST9022,BR12
TXN000676,ACC214352,2025-04-23 17:58:04.597414,DEPOSIT,2600.76,40416.29,CUST6452,BR24
TXN000677,ACC969474,2025-04-26 17:58:04.597414,WITHDRAWAL,1954.29,36039.91,CUST4567,BR34
TXN000678,ACC185999,2025-04-10 17:58:04.597414,DEPOSIT,585.9,30064.75,CUST4899,BR8
TXN000679,ACC117955,2025-03-30 17:58:04.597414,WITHDRAWAL,3431.06,3614.05,CUST7477,BR18
TXN000680,ACC924273,2025-04-20 17:58:04.597414,DEPOSIT,2709.77,23283.45,CUST8500,BR48
TXN000681,ACC170640,2025-04-02 17:58:04.597414,TRANSFER,9664.51,34064.53,CUST2016,BR5
TXN000682,ACC296582,2025-04-08 17:58:04.597414,WITHDRAWAL,5581.51,34199.05,CUST7470,BR26
TXN000683,ACC844086,2025-04-03 17:58:04.597414,WITHDRAWAL,3479.3,19283.01,CUST3062,BR30
TXN000684,ACC500573,2025-04-15 17:58:04.597414,DEPOSIT,5808.87,47142.91,CUST5321,BR13
TXN000685,ACC525695,2025-04-18 17:58:04.597414,DEPOSIT,1400.58,9200.49,CUST4496,BR19
TXN000686,ACC161476,2025-04-07 17:58:04.597414,WITHDRAWAL,4446.0,25517.61,CUST2813,BR29
TXN000687,ACC406955,2025-04-01 17:58:04.597414,DEPOSIT,6266.08,34853.31,CUST7256,BR3
TXN000688,ACC267280,2025-04-06 17:58:04.597414,WITHDRAWAL,4894.09,35159.65,CUST3313,BR26
TXN000689,ACC775510,2025-04-03 17:58:04.597414,TRANSFER,4023.77,32783.31,CUST2231,BR40
TXN000690,ACC695468,2025-03-30 17:58:04.597414,DEPOSIT,9938.55,14489.12,CUST6831,BR12
TXN000691,ACC798646,2025-04-14 17:58:04.597414,WITHDRAWAL,8804.34,8654.12,CUST3999,BR2
TXN000692,ACC737144,2025-04-02 17:58:04.597414,TRANSFER,6237.83,32161.08,CUST4440,BR11
TXN000693,ACC954882,2025-04-22 17:58:04.597414,TRANSFER,5698.08,30365.8,CUST5056,BR44
TXN000694,ACC514568,2025-04-03 17:58:04.597414,WITHDRAWAL,6210.4,9788.44,CUST1305,BR28
TXN000695,ACC286141,2025-04-23 17:58:04.597414,DEPOSIT,2021.11,35551.82,CUST2689,BR18
TXN000696,ACC998320,2025-04-09 17:58:04.597414,WITHDRAWAL,3957.43,23303.43,CUST4917,BR13
TXN000697,ACC734736,2025-04-20 17:58:04.597414,TRANSFER,404.2,33720.27,CUST8080,BR37
TXN000698,ACC638685,2025-04-18 17:58:04.597414,WITHDRAWAL,4760.7,42030.99,CUST9611,BR22
TXN000699,ACC278031,2025-04-07 17:58:04.597414,DEPOSIT,5434.82,9316.69,CUST3936,BR12
TXN000700,ACC219180,2025-04-19 17:58:04.597414,TRANSFER,2285.22,1938.1,CUST4862,BR2
TXN000701,ACC166234,2025-04-18 17:58:04.597414,WITHDRAWAL,9640.65,39176.03,CUST6649,BR37
TXN000702,ACC664242,2025-04-24 17:58:04.597414,DEPOSIT,9095.45,30875.17,CUST4261,BR7
TXN000703,ACC278352,2025-04-22 17:58:04.597414,TRANSFER,7224.21,35282.34,CUST2819,BR26
TXN000704,ACC179459,2025-04-03 17:58:04.597414,DEPOSIT,5338.53,42069.59,CUST2342,BR26
TXN000705,ACC509995,2025-04-24 17:58:04.597414,TRANSFER,8700.99,40337.74,CUST6560,BR24
TXN000706,ACC295004,2025-04-05 17:58:04.597414,WITHDRAWAL,1315.22,48085.09,CUST3226,BR12
TXN000707,ACC566152,2025-03-30 17:58:04.597414,DEPOSIT,7907.19,27260.82,CUST2079,BR16
TXN000708,ACC825256,2025-04-09 17:58:04.597414,TRANSFER,1256.96,24936.29,CUST5206,BR23
TXN000709,ACC159163,2025-04-10 17:58:04.597414,DEPOSIT,7944.16,20692.47,CUST7280,BR40
TXN000710,ACC575853,2025-04-22 17:58:04.597414,DEPOSIT,2764.92,8530.86,CUST8235,BR9
TXN000711,ACC151934,2025-04-18 17:58:04.597414,WITHDRAWAL,8772.13,29057.75,CUST1813,BR32
TXN000712,ACC820255,2025-04-04 17:58:04.597414,DEPOSIT,9440.98,14573.61,CUST6089,BR15
TXN000713,ACC525523,2025-04-07 17:58:04.597414,TRANSFER,1496.47,46144.07,CUST3031,BR37
TXN000714,ACC940530,2025-04-10 17:58:04.597414,TRANSFER,4632.13,29576.35,CUST9514,BR13
TXN000715,ACC554137,2025-04-14 17:58:04.597414,TRANSFER,9810.06,30049.17,CUST6911,BR5
TXN000716,ACC105486,2025-04-23 17:58:04.597414,TRANSFER,4839.24,18391.31,CUST3653,BR11
TXN000717,ACC239407,2025-04-18 17:58:04.597414,WITHDRAWAL,8636.84,3547.48,CUST4340,BR10
TXN000718,ACC973332,2025-04-25 17:58:04.597414,DEPOSIT,5891.43,2555.44,CUST8876,BR13
TXN000719,ACC750308,2025-04-27 17:58:04.597414,WITHDRAWAL,3759.55,21743.42,CUST2141,BR41
TXN000720,ACC727083,2025-04-23 17:58:04.597414,DEPOSIT,2864.98,5143.7,CUST9558,BR46
TXN000721,ACC320184,2025-04-11 17:58:04.597414,DEPOSIT,2040.2,30735.5,CUST3897,BR15
TXN000722,ACC766490,2025-03-30 17:58:04.597414,DEPOSIT,7620.36,44167.68,CUST5041,BR42
TXN000723,ACC449652,2025-04-25 17:58:04.597414,WITHDRAWAL,3871.54,44262.83,CUST3038,BR7
TXN000724,ACC861315,2025-04-19 17:58:04.597414,DEPOSIT,5117.64,33293.23,CUST5270,BR40
TXN000725,ACC742612,2025-04-08 17:58:04.597414,WITHDRAWAL,4928.33,11350.36,CUST5683,BR28
TXN000726,ACC422710,2025-03-29 17:58:04.597414,TRANSFER,5777.02,43286.84,CUST1494,BR32
TXN000727,ACC297775,2025-04-16 17:58:04.597414,TRANSFER,8657.12,44418.58,CUST8116,BR35
TXN000728,ACC389336,2025-04-18 17:58:04.597414,DEPOSIT,9807.59,10636.03,CUST2784,BR15
TXN000729,ACC887494,2025-04-01 17:58:04.597414,WITHDRAWAL,4081.77,37133.88,CUST4510,BR48
TXN000730,ACC708364,2025-04-16 17:58:04.597414,TRANSFER,8276.91,15039.46,CUST4786,BR36
TXN000731,ACC189780,2025-04-23 17:58:04.597414,WITHDRAWAL,7647.63,40329.38,CUST6266,BR21
TXN000732,ACC252617,2025-04-26 17:58:04.597414,WITHDRAWAL,5739.55,49864.66,CUST6428,BR6
TXN000733,ACC645977,2025-04-18 17:58:04.597414,DEPOSIT,9560.91,2471.27,CUST7681,BR1
TXN000734,ACC897606,2025-04-08 17:58:04.597414,TRANSFER,2012.74,44970.93,CUST7893,BR4
TXN000735,ACC450605,2025-04-05 17:58:04.597414,DEPOSIT,1101.55,31508.9,CUST5658,BR11
TXN000736,ACC989465,2025-04-08 17:58:04.597414,DEPOSIT,8541.08,48695.75,CUST8082,BR44
TXN000737,ACC633636,2025-04-01 17:58:04.597414,TRANSFER,4397.11,23785.47,CUST7869,BR26
TXN000738,ACC138102,2025-04-14 17:58:04.597414,TRANSFER,8471.22,42522.01,CUST8607,BR37
TXN000739,ACC174460,2025-04-24 17:58:04.597414,WITHDRAWAL,8931.97,4057.31,CUST8669,BR23
TXN000740,ACC464778,2025-04-04 17:58:04.597414,TRANSFER,633.95,17428.67,CUST7219,BR29
TXN000741,ACC189930,2025-04-05 17:58:04.597414,WITHDRAWAL,8835.81,4283.81,CUST5534,BR21
TXN000742,ACC631089,2025-03-31 17:58:04.597414,WITHDRAWAL,4488.71,48791.81,CUST6979,BR48
TXN000743,ACC727438,2025-04-19 17:58:04.597414,WITHDRAWAL,5109.22,41031.72,CUST9890,BR45
TXN000744,ACC827627,2025-03-30 17:58:04.597414,TRANSFER,6269.66,42774.82,CUST2312,BR45
TXN000745,ACC279208,2025-04-20 17:58:04.597414,DEPOSIT,9264.56,46960.3,CUST3962,BR49
TXN000746,ACC254697,2025-04-12 17:58:04.597414,WITHDRAWAL,200.97,5170.07,CUST3938,BR27
TXN000747,ACC313945,2025-04-21 17:58:04.597414,DEPOSIT,4773.67,19894.28,CUST4197,BR39
TXN000748,ACC331915,2025-04-19 17:58:04.597414,DEPOSIT,6880.34,4480.71,CUST6296,BR40
TXN000749,ACC827952,2025-04-19 17:58:04.597414,TRANSFER,7229.84,11328.86,CUST8204,BR13
TXN000750,ACC308124,2025-04-02 17:58:04.597414,DEPOSIT,6928.4,12238.92,CUST6730,BR23
TXN000751,ACC537477,2025-04-21 17:58:04.597414,DEPOSIT,1353.01,23986.25,CUST1126,BR16
TXN000752,ACC625830,2025-03-29 17:58:04.597414,TRANSFER,3000.96,14159.55,CUST6602,BR30
TXN000753,ACC383821,2025-04-23 17:58:04.597414,WITHDRAWAL,3593.57,5947.93,CUST2191,BR4
TXN000754,ACC277804,2025-04-01 17:58:04.597414,DEPOSIT,8046.33,9207.06,CUST3639,BR40
TXN000755,ACC805703,2025-04-12 17:58:04.597414,TRANSFER,2794.81,8216.5,CUST2366,BR16
TXN000756,ACC139081,2025-04-17 17:58:04.597414,DEPOSIT,2114.94,48680.76,CUST7453,BR31
TXN000757,ACC818216,2025-04-16 17:58:04.597414,DEPOSIT,9574.91,38205.33,CUST7671,BR42
TXN000758,ACC455249,2025-03-31 17:58:04.597414,WITHDRAWAL,98.54,48420.31,CUST7683,BR25
TXN000759,ACC319930,2025-04-17 17:58:04.597414,DEPOSIT,9978.23,22547.28,CUST5539,BR44
TXN000760,ACC905497,2025-04-08 17:58:04.597414,TRANSFER,6771.44,14640.06,CUST9876,BR12
TXN000761,ACC617313,2025-04-14 17:58:04.597414,DEPOSIT,8286.41,40116.37,CUST3887,BR26
TXN000762,ACC314532,2025-04-27 17:58:04.597414,WITHDRAWAL,2953.25,16986.44,CUST5086,BR37
TXN000763,ACC712380,2025-04-24 17:58:04.597414,WITHDRAWAL,153.01,15669.79,CUST3261,BR48
TXN000764,ACC619332,2025-04-10 17:58:04.597414,TRANSFER,7381.32,12392.79,CUST5180,BR33
TXN000765,ACC416837,2025-04-08 17:58:04.597414,WITHDRAWAL,8343.1,7354.27,CUST3841,BR28
TXN000766,ACC389106,2025-03-30 17:58:04.597414,DEPOSIT,7407.36,13566.69,CUST7040,BR9
TXN000767,ACC128295,2025-04-06 17:58:04.597414,WITHDRAWAL,1437.07,18410.67,CUST4560,BR12
TXN000768,ACC113807,2025-04-23 17:58:04.597414,TRANSFER,7536.74,34025.72,CUST5758,BR5
TXN000769,ACC535564,2025-03-30 17:58:04.597414,WITHDRAWAL,7691.54,4065.68,CUST1626,BR28
TXN000770,ACC257504,2025-04-18 17:58:04.597414,WITHDRAWAL,6588.82,11314.84,CUST6014,BR35
TXN000771,ACC338067,2025-04-06 17:58:04.597414,WITHDRAWAL,7663.5,40642.16,CUST2375,BR5
TXN000772,ACC585008,2025-04-06 17:58:04.597414,TRANSFER,8460.76,8199.17,CUST2181,BR34
TXN000773,ACC792440,2025-04-05 17:58:04.597414,WITHDRAWAL,6139.91,17789.61,CUST6708,BR46
TXN000774,ACC494540,2025-04-14 17:58:04.597414,WITHDRAWAL,895.16,43368.29,CUST1490,BR34
TXN000775,ACC977699,2025-03-29 17:58:04.597414,DEPOSIT,4881.4,8591.34,CUST4729,BR13
TXN000776,ACC617923,2025-04-22 17:58:04.597414,TRANSFER,785.72,5054.1,CUST6974,BR39
TXN000777,ACC266981,2025-04-26 17:58:04.597414,WITHDRAWAL,4081.35,24742.36,CUST4534,BR42
TXN000778,ACC844699,2025-04-08 17:58:04.597414,TRANSFER,4076.99,15818.56,CUST4296,BR45
TXN000779,ACC119870,2025-04-05 17:58:04.597414,WITHDRAWAL,669.44,28607.01,CUST2940,BR48
TXN000780,ACC303196,2025-04-07 17:58:04.597414,WITHDRAWAL,3494.72,40386.44,CUST6014,BR14
TXN000781,ACC348683,2025-04-22 17:58:04.597414,WITHDRAWAL,1118.87,7720.28,CUST2882,BR11
TXN000782,ACC334677,2025-04-04 17:58:04.597414,DEPOSIT,8084.27,29454.26,CUST5908,BR42
TXN000783,ACC126790,2025-03-31 17:58:04.597414,DEPOSIT,9477.4,25769.93,CUST3987,BR38
TXN000784,ACC743162,2025-03-31 17:58:04.597414,DEPOSIT,732.44,8059.86,CUST6585,BR4
TXN000785,ACC911721,2025-04-15 17:58:04.597414,TRANSFER,9551.6,31575.93,CUST4159,BR33
TXN000786,ACC548345,2025-04-02 17:58:04.597414,TRANSFER,5230.54,14408.38,CUST5530,BR7
TXN000787,ACC849074,2025-04-09 17:58:04.597414,DEPOSIT,3002.66,24903.88,CUST1681,BR41
TXN000788,ACC587462,2025-04-09 17:58:04.597414,TRANSFER,777.85,5031.34,CUST6254,BR8
TXN000789,ACC639773,2025-04-16 17:58:04.597414,WITHDRAWAL,5011.24,23519.62,CUST2073,BR37
TXN000790,ACC930914,2025-04-27 17:58:04.597414,WITHDRAWAL,7947.21,16016.71,CUST3387,BR10
TXN000791,ACC186188,2025-04-03 17:58:04.597414,WITHDRAWAL,7073.79,41296.68,CUST3693,BR43
TXN000792,ACC629036,2025-03-30 17:58:04.597414,DEPOSIT,511.76,3791.96,CUST5340,BR15
TXN000793,ACC842129,2025-04-09 17:58:04.597414,TRANSFER,738.29,21511.76,CUST3156,BR38
TXN000794,ACC764795,2025-04-16 17:58:04.597414,DEPOSIT,4034.7,23463.14,CUST8966,BR15
TXN000795,ACC890141,2025-04-02 17:58:04.597414,TRANSFER,2959.95,36525.3,CUST3580,BR5
TXN000796,ACC748249,2025-04-09 17:58:04.597414,WITHDRAWAL,2331.52,29140.09,CUST8257,BR29
TXN000797,ACC130355,2025-04-24 17:58:04.597414,DEPOSIT,2817.23,33693.4,CUST3159,BR19
TXN000798,ACC811131,2025-04-24 17:58:04.597414,TRANSFER,8036.79,39075.41,CUST7772,BR10
TXN000799,ACC551015,2025-04-14 17:58:04.597414,TRANSFER,9292.99,43247.95,CUST2627,BR12
TXN000800,ACC506332,2025-04-26 17:58:04.597414,WITHDRAWAL,4056.98,16379.9,CUST9219,BR4
TXN000801,ACC256542,2025-04-14 17:58:04.597414,DEPOSIT,9062.05,27363.11,CUST8080,BR31
TXN000802,ACC273416,2025-04-07 17:58:04.597414,DEPOSIT,3221.74,42165.3,CUST2985,BR18
TXN000803,ACC405062,2025-04-22 17:58:04.597414,DEPOSIT,4769.61,49483.11,CUST9488,BR16
TXN000804,ACC938656,2025-04-20 17:58:04.597414,WITHDRAWAL,2268.03,44586.45,CUST3181,BR40
TXN000805,ACC663586,2025-04-14 17:58:04.597414,DEPOSIT,6408.36,19201.9,CUST3296,BR36
TXN000806,ACC601708,2025-04-12 17:58:04.597414,WITHDRAWAL,9790.02,10563.16,CUST8164,BR25
TXN000807,ACC966651,2025-04-09 17:58:04.597414,WITHDRAWAL,6038.9,24980.23,CUST3597,BR23
TXN000808,ACC161629,2025-04-27 17:58:04.597414,WITHDRAWAL,3584.56,37340.43,CUST1901,BR12
TXN000809,ACC428184,2025-04-13 17:58:04.597414,TRANSFER,6481.7,25135.88,CUST7060,BR34
TXN000810,ACC592734,2025-04-21 17:58:04.597414,DEPOSIT,1237.98,24675.86,CUST2677,BR36
TXN000811,ACC855195,2025-04-16 17:58:04.597414,DEPOSIT,8887.7,42073.29,CUST3881,BR37
TXN000812,ACC390160,2025-04-05 17:58:04.597414,WITHDRAWAL,5035.81,18708.79,CUST6622,BR3
TXN000813,ACC648248,2025-04-18 17:58:04.597414,WITHDRAWAL,4499.0,43129.94,CUST9052,BR9
TXN000814,ACC920023,2025-04-14 17:58:04.597414,DEPOSIT,5862.79,20933.44,CUST2378,BR18
TXN000815,ACC313920,2025-04-20 17:58:04.597414,WITHDRAWAL,6251.59,17083.42,CUST2248,BR43
TXN000816,ACC989765,2025-04-02 17:58:04.597414,DEPOSIT,727.04,23245.51,CUST6650,BR35
TXN000817,ACC342804,2025-04-19 17:58:04.597414,TRANSFER,6829.35,38359.9,CUST7079,BR34
TXN000818,ACC476965,2025-04-13 17:58:04.597414,WITHDRAWAL,2426.9,7174.1,CUST8036,BR41
TXN000819,ACC560857,2025-04-03 17:58:04.597414,DEPOSIT,7142.39,10624.54,CUST7487,BR14
TXN000820,ACC922827,2025-04-05 17:58:04.597414,WITHDRAWAL,8227.12,47620.8,CUST2058,BR4
TXN000821,ACC604492,2025-04-22 17:58:04.597414,DEPOSIT,8041.55,9599.09,CUST3048,BR29
TXN000822,ACC753983,2025-04-15 17:58:04.597414,DEPOSIT,5529.48,28818.64,CUST7115,BR41
TXN000823,ACC515916,2025-04-22 17:58:04.597414,WITHDRAWAL,5206.5,29386.41,CUST5248,BR45
TXN000824,ACC921052,2025-04-09 17:58:04.597414,TRANSFER,1437.33,24991.6,CUST3476,BR15
TXN000825,ACC858574,2025-04-12 17:58:04.597414,DEPOSIT,7755.71,32592.52,CUST5603,BR28
TXN000826,ACC228148,2025-04-24 17:58:04.597414,DEPOSIT,2721.38,12261.51,CUST4553,BR42
TXN000827,ACC906991,2025-04-23 17:58:04.597414,DEPOSIT,4971.99,28080.45,CUST1220,BR16
TXN000828,ACC586261,2025-04-06 17:58:04.597414,TRANSFER,2849.9,19236.49,CUST5818,BR12
TXN000829,ACC455540,2025-04-10 17:58:04.597414,TRANSFER,1346.95,33421.7,CUST8192,BR5
TXN000830,ACC292714,2025-04-23 17:58:04.597414,WITHDRAWAL,6299.28,7919.95,CUST5623,BR34
TXN000831,ACC831899,2025-04-12 17:58:04.597414,TRANSFER,552.78,28972.99,CUST8349,BR42
TXN000832,ACC383876,2025-04-07 17:58:04.597414,WITHDRAWAL,7488.97,10078.25,CUST6618,BR1
TXN000833,ACC359747,2025-04-13 17:58:04.597414,WITHDRAWAL,3182.69,14653.51,CUST8209,BR39
TXN000834,ACC715650,2025-04-04 17:58:04.597414,TRANSFER,11.35,11716.78,CUST5576,BR32
TXN000835,ACC523570,2025-04-14 17:58:04.597414,WITHDRAWAL,5116.18,9959.05,CUST2871,BR26
TXN000836,ACC375987,2025-04-20 17:58:04.597414,TRANSFER,478.05,41459.84,CUST8915,BR17
TXN000837,ACC738353,2025-04-23 17:58:04.597414,WITHDRAWAL,2768.93,14999.67,CUST2462,BR48
TXN000838,ACC958158,2025-04-18 17:58:04.597414,TRANSFER,7072.7,46429.07,CUST6521,BR27
TXN000839,ACC117640,2025-04-19 17:58:04.597414,TRANSFER,636.27,48526.4,CUST9536,BR24
TXN000840,ACC152528,2025-04-23 17:58:04.597414,WITHDRAWAL,8394.99,28991.76,CUST9236,BR35
TXN000841,ACC924845,2025-04-04 17:58:04.597414,DEPOSIT,48.16,8007.06,CUST8813,BR46
TXN000842,ACC359214,2025-04-11 17:58:04.597414,WITHDRAWAL,2475.77,19352.86,CUST3068,BR42
TXN000843,ACC939070,2025-04-12 17:58:04.597414,TRANSFER,7411.63,40088.88,CUST6753,BR39
TXN000844,ACC601108,2025-04-18 17:58:04.597414,DEPOSIT,3169.54,19002.15,CUST8237,BR26
TXN000845,ACC734421,2025-04-04 17:58:04.597414,WITHDRAWAL,1027.9,5263.84,CUST8016,BR49
TXN000846,ACC468501,2025-04-06 17:58:04.597414,WITHDRAWAL,3608.74,28282.46,CUST7191,BR38
TXN000847,ACC824226,2025-04-16 17:58:04.597414,WITHDRAWAL,2711.23,42410.92,CUST2514,BR23
TXN000848,ACC250159,2025-04-13 17:58:04.597414,DEPOSIT,8428.69,40000.39,CUST3598,BR22
TXN000849,ACC272502,2025-04-05 17:58:04.597414,TRANSFER,3140.35,9581.03,CUST2001,BR4
TXN000850,ACC255576,2025-04-15 17:58:04.597414,WITHDRAWAL,7891.44,33965.47,CUST2033,BR49
TXN000851,ACC965291,2025-04-24 17:58:04.597414,WITHDRAWAL,8919.8,11804.71,CUST7899,BR9
TXN000852,ACC986089,2025-04-20 17:58:04.597414,WITHDRAWAL,4343.84,11692.17,CUST9465,BR4
TXN000853,ACC111023,2025-04-26 17:58:04.597414,WITHDRAWAL,9100.33,43829.52,CUST6051,BR7
TXN000854,ACC645735,2025-04-15 17:58:04.597414,WITHDRAWAL,3779.41,13233.78,CUST5476,BR23
TXN000855,ACC488043,2025-04-27 17:58:04.597414,TRANSFER,9641.14,13899.12,CUST1478,BR2
TXN000856,ACC386103,2025-04-17 17:58:04.597414,TRANSFER,902.0,1032.02,CUST1515,BR49
TXN000857,ACC166203,2025-04-04 17:58:04.597414,WITHDRAWAL,6873.32,43662.78,CUST2191,BR24
TXN000858,ACC260775,2025-03-31 17:58:04.597414,DEPOSIT,4943.2,39837.15,CUST7297,BR40
TXN000859,ACC109337,2025-04-15 17:58:04.597414,TRANSFER,3882.61,31739.12,CUST1271,BR31
TXN000860,ACC670715,2025-04-24 17:58:04.597414,DEPOSIT,6330.79,37763.02,CUST9334,BR47
TXN000861,ACC614723,2025-04-07 17:58:04.597414,TRANSFER,7041.53,8450.38,CUST8778,BR31
TXN000862,ACC423673,2025-04-04 17:58:04.597414,WITHDRAWAL,53.59,23457.86,CUST7008,BR47
TXN000863,ACC464167,2025-04-14 17:58:04.597414,TRANSFER,1677.86,18209.75,CUST8987,BR40
TXN000864,ACC446809,2025-04-11 17:58:04.597414,WITHDRAWAL,7133.33,5595.05,CUST4332,BR48
TXN000865,ACC730075,2025-04-21 17:58:04.597414,TRANSFER,6667.19,24820.39,CUST1787,BR43
TXN000866,ACC787281,2025-03-31 17:58:04.597414,WITHDRAWAL,9660.81,46116.24,CUST7222,BR34
TXN000867,ACC395451,2025-04-09 17:58:04.597414,WITHDRAWAL,7612.77,2962.9,CUST1622,BR24
TXN000868,ACC520571,2025-04-25 17:58:04.597414,WITHDRAWAL,9508.22,15281.58,CUST4841,BR49
TXN000869,ACC227016,2025-04-10 17:58:04.597414,WITHDRAWAL,7028.38,11169.51,CUST4676,BR26
TXN000870,ACC891267,2025-03-30 17:58:04.597414,DEPOSIT,2987.54,12669.19,CUST3572,BR16
TXN000871,ACC644447,2025-03-31 17:58:04.597414,WITHDRAWAL,1062.6,45513.29,CUST7915,BR47
TXN000872,ACC597562,2025-04-02 17:58:04.597414,DEPOSIT,7820.42,23935.38,CUST6033,BR13
TXN000873,ACC802965,2025-04-08 17:58:04.597414,DEPOSIT,6445.05,23848.67,CUST8788,BR15
TXN000874,ACC483934,2025-04-05 17:58:04.597414,WITHDRAWAL,491.38,38268.21,CUST6214,BR27
TXN000875,ACC992048,2025-04-23 17:58:04.597414,DEPOSIT,3606.9,8570.12,CUST5712,BR4
TXN000876,ACC965184,2025-04-20 17:58:04.597414,TRANSFER,9568.43,24876.0,CUST1066,BR16
TXN000877,ACC417428,2025-04-20 17:58:04.597414,WITHDRAWAL,5009.01,22069.28,CUST8533,BR30
TXN000878,ACC419187,2025-04-09 17:58:04.597414,DEPOSIT,4332.96,30248.62,CUST5616,BR44
TXN000879,ACC790907,2025-04-04 17:58:04.597414,WITHDRAWAL,4582.42,49978.33,CUST2140,BR30
TXN000880,ACC983439,2025-04-12 17:58:04.597414,WITHDRAWAL,2096.74,38703.0,CUST6730,BR36
TXN000881,ACC182844,2025-04-21 17:58:04.597414,WITHDRAWAL,3693.38,20495.42,CUST8465,BR3
TXN000882,ACC651820,2025-04-14 17:58:04.597414,DEPOSIT,3704.43,41550.1,CUST5471,BR22
TXN000883,ACC265421,2025-04-01 17:58:04.597414,TRANSFER,533.03,9364.71,CUST4339,BR49
TXN000884,ACC222402,2025-04-26 17:58:04.597414,TRANSFER,7678.0,2492.72,CUST1548,BR22
TXN000885,ACC218012,2025-04-19 17:58:04.597414,DEPOSIT,4170.88,11017.97,CUST8675,BR49
TXN000886,ACC538661,2025-04-22 17:58:04.597414,WITHDRAWAL,8223.58,17680.17,CUST9264,BR12
TXN000887,ACC498929,2025-04-10 17:58:04.597414,DEPOSIT,8504.98,26018.46,CUST1198,BR21
TXN000888,ACC680466,2025-04-15 17:58:04.597414,DEPOSIT,2127.82,31141.33,CUST1571,BR4
TXN000889,ACC673695,2025-03-29 17:58:04.597414,DEPOSIT,6576.96,45619.68,CUST1790,BR31
TXN000890,ACC563556,2025-04-13 17:58:04.597414,WITHDRAWAL,4728.1,25982.85,CUST2174,BR44
TXN000891,ACC675278,2025-04-10 17:58:04.597414,DEPOSIT,8802.77,25562.51,CUST1178,BR31
TXN000892,ACC229473,2025-04-07 17:58:04.597414,WITHDRAWAL,2165.25,3461.91,CUST3244,BR23
TXN000893,ACC578007,2025-04-09 17:58:04.597414,DEPOSIT,6781.35,2710.67,CUST5086,BR20
TXN000894,ACC944573,2025-04-27 17:58:04.597414,TRANSFER,6081.44,28006.84,CUST1734,BR15
TXN000895,ACC517009,2025-03-30 17:58:04.597414,DEPOSIT,2960.06,22470.75,CUST7232,BR23
TXN000896,ACC418714,2025-04-20 17:58:04.597414,DEPOSIT,1374.64,42119.84,CUST1798,BR28
TXN000897,ACC326156,2025-03-31 17:58:04.597414,TRANSFER,6519.88,8873.3,CUST8601,BR16
TXN000898,ACC268964,2025-04-07 17:58:04.597414,WITHDRAWAL,7388.59,2223.61,CUST9979,BR37
TXN000899,ACC625303,2025-03-30 17:58:04.597414,WITHDRAWAL,3163.12,23002.9,CUST3795,BR21
TXN000900,ACC161813,2025-04-27 17:58:04.597414,DEPOSIT,6451.88,12636.45,CUST5588,BR15
TXN000901,ACC127712,2025-04-24 17:58:04.597414,TRANSFER,3957.36,3431.1,CUST8297,BR17
TXN000902,ACC724785,2025-04-20 17:58:04.597414,WITHDRAWAL,7134.94,36505.32,CUST4084,BR37
TXN000903,ACC867214,2025-04-10 17:58:04.597414,DEPOSIT,2000.16,6468.06,CUST1731,BR13
TXN000904,ACC212816,2025-04-10 17:58:04.597414,TRANSFER,8903.25,30807.66,CUST2129,BR19
TXN000905,ACC228778,2025-04-15 17:58:04.597414,WITHDRAWAL,2881.22,14771.44,CUST2605,BR30
TXN000906,ACC686580,2025-03-31 17:58:04.597414,WITHDRAWAL,3684.18,9501.31,CUST3933,BR45
TXN000907,ACC385977,2025-04-24 17:58:04.597414,TRANSFER,590.34,19607.82,CUST9516,BR18
TXN000908,ACC235230,2025-04-04 17:58:04.597414,TRANSFER,1124.01,40270.84,CUST6074,BR14
TXN000909,ACC818040,2025-04-11 17:58:04.597414,TRANSFER,5163.46,20212.59,CUST8099,BR36
TXN000910,ACC906741,2025-04-17 17:58:04.597414,TRANSFER,2683.25,37787.71,CUST2490,BR36
TXN000911,ACC369114,2025-04-26 17:58:04.597414,DEPOSIT,8356.45,7148.83,CUST1893,BR20
TXN000912,ACC434618,2025-04-27 17:58:04.597414,TRANSFER,156.79,38865.8,CUST2390,BR19
TXN000913,ACC932972,2025-04-14 17:58:04.597414,WITHDRAWAL,3797.15,12609.73,CUST4389,BR45
TXN000914,ACC251456,2025-04-26 17:58:04.597414,WITHDRAWAL,3380.08,34192.26,CUST5239,BR44
TXN000915,ACC904449,2025-04-27 17:58:04.597414,DEPOSIT,203.08,28723.3,CUST5479,BR7
TXN000916,ACC962312,2025-04-18 17:58:04.597414,WITHDRAWAL,1252.44,46528.09,CUST3263,BR44
TXN000917,ACC205570,2025-04-09 17:58:04.597414,WITHDRAWAL,4142.29,19978.8,CUST4432,BR4
TXN000918,ACC370846,2025-04-22 17:58:04.597414,TRANSFER,4933.72,4242.09,CUST3371,BR34
TXN000919,ACC100404,2025-04-13 17:58:04.597414,WITHDRAWAL,4048.85,1938.62,CUST5312,BR2
TXN000920,ACC803286,2025-04-21 17:58:04.597414,DEPOSIT,5314.07,41516.07,CUST2515,BR5
TXN000921,ACC374907,2025-04-09 17:58:04.597414,TRANSFER,5955.37,26712.05,CUST7326,BR10
TXN000922,ACC773744,2025-04-12 17:58:04.597414,TRANSFER,109.14,38986.96,CUST8088,BR32
TXN000923,ACC815460,2025-04-22 17:58:04.597414,DEPOSIT,4646.31,12486.85,CUST6586,BR42
TXN000924,ACC984574,2025-04-07 17:58:04.597414,TRANSFER,9635.36,17909.1,CUST3917,BR41
TXN000925,ACC765220,2025-04-27 17:58:04.597414,TRANSFER,5195.13,2475.09,CUST6731,BR13
TXN000926,ACC335365,2025-04-22 17:58:04.597414,DEPOSIT,6778.65,48113.12,CUST8686,BR39
TXN000927,ACC442786,2025-04-04 17:58:04.597414,TRANSFER,3125.52,33725.53,CUST2167,BR5
TXN000928,ACC150612,2025-04-17 17:58:04.597414,DEPOSIT,7742.17,46727.05,CUST9302,BR10
TXN000929,ACC910006,2025-04-02 17:58:04.597414,DEPOSIT,7731.49,14009.32,CUST6109,BR10
TXN000930,ACC909956,2025-03-29 17:58:04.597414,WITHDRAWAL,5217.75,30961.72,CUST5327,BR38
TXN000931,ACC300244,2025-04-27 17:58:04.597414,WITHDRAWAL,9760.38,34246.5,CUST6810,BR27
TXN000932,ACC897348,2025-04-14 17:58:04.597414,TRANSFER,1264.25,16559.94,CUST4655,BR21
TXN000933,ACC104809,2025-03-31 17:58:04.597414,TRANSFER,179.31,42557.35,CUST4793,BR8
TXN000934,ACC263273,2025-04-10 17:58:04.597414,DEPOSIT,7703.88,47410.91,CUST7738,BR1
TXN000935,ACC808690,2025-04-11 17:58:04.597414,TRANSFER,8073.48,44357.9,CUST2577,BR28
TXN000936,ACC244528,2025-04-21 17:58:04.597414,DEPOSIT,1210.87,37214.28,CUST3220,BR49
TXN000937,ACC606964,2025-04-27 17:58:04.597414,DEPOSIT,2663.17,14595.77,CUST2030,BR39
TXN000938,ACC549613,2025-04-15 17:58:04.597414,TRANSFER,185.35,14799.19,CUST7691,BR14
TXN000939,ACC138765,2025-04-01 17:58:04.597414,DEPOSIT,2940.15,48204.66,CUST4992,BR21
TXN000940,ACC931538,2025-04-15 17:58:04.597414,WITHDRAWAL,7733.69,1503.94,CUST1913,BR30
TXN000941,ACC416076,2025-04-27 17:58:04.597414,TRANSFER,5184.43,36086.45,CUST7358,BR21
TXN000942,ACC943523,2025-04-02 17:58:04.597414,WITHDRAWAL,3487.47,35606.06,CUST3181,BR49
TXN000943,ACC646237,2025-04-22 17:58:04.597414,TRANSFER,3723.68,31511.79,CUST4197,BR9
TXN000944,ACC301152,2025-04-13 17:58:04.597414,DEPOSIT,23.52,49515.33,CUST7040,BR17
TXN000945,ACC399888,2025-03-29 17:58:04.597414,TRANSFER,3005.01,16282.09,CUST2462,BR5
TXN000946,ACC800903,2025-04-18 17:58:04.597414,WITHDRAWAL,6468.12,17658.62,CUST8037,BR31
TXN000947,ACC994751,2025-04-11 17:58:04.597414,DEPOSIT,9742.2,4868.03,CUST5994,BR40
TXN000948,ACC192193,2025-04-12 17:58:04.597414,TRANSFER,8472.14,22697.11,CUST6308,BR38
TXN000949,ACC136187,2025-04-06 17:58:04.597414,TRANSFER,245.71,13791.38,CUST7221,BR43
TXN000950,ACC605950,2025-04-12 17:58:04.597414,TRANSFER,8986.62,17825.95,CUST8090,BR19
TXN000951,ACC238311,2025-04-14 17:58:04.597414,WITHDRAWAL,7834.15,41894.02,CUST8769,BR36
TXN000952,ACC900921,2025-04-22 17:58:04.597414,WITHDRAWAL,7805.96,46838.74,CUST1687,BR33
TXN000953,ACC608153,2025-04-21 17:58:04.597414,TRANSFER,4585.38,10100.92,CUST5661,BR13
TXN000954,ACC289089,2025-04-01 17:58:04.597414,DEPOSIT,3986.07,19252.94,CUST2894,BR14
TXN000955,ACC686165,2025-04-09 17:58:04.597414,DEPOSIT,3036.13,46502.9,CUST8389,BR33
TXN000956,ACC536341,2025-04-24 17:58:04.597414,WITHDRAWAL,666.29,4028.61,CUST5922,BR29
TXN000957,ACC412066,2025-04-23 17:58:04.597414,DEPOSIT,2290.07,5525.67,CUST7322,BR43
TXN000958,ACC718362,2025-04-02 17:58:04.597414,WITHDRAWAL,2473.57,8976.76,CUST4183,BR49
TXN000959,ACC787409,2025-04-26 17:58:04.597414,TRANSFER,4845.93,30165.43,CUST4797,BR36
TXN000960,ACC661419,2025-04-02 17:58:04.597414,WITHDRAWAL,7476.97,8373.14,CUST6178,BR44
TXN000961,ACC740053,2025-04-08 17:58:04.597414,WITHDRAWAL,4743.36,48435.74,CUST4968,BR10
TXN000962,ACC960395,2025-04-25 17:58:04.597414,TRANSFER,587.87,22889.01,CUST3716,BR31
TXN000963,ACC731172,2025-04-03 17:58:04.597414,DEPOSIT,9578.32,25574.38,CUST1190,BR6
TXN000964,ACC225917,2025-04-04 17:58:04.597414,WITHDRAWAL,9427.82,13086.27,CUST2335,BR1
TXN000965,ACC910717,2025-04-21 17:58:04.597414,WITHDRAWAL,7854.04,24077.05,CUST9181,BR7
TXN000966,ACC399770,2025-04-11 17:58:04.597414,TRANSFER,9913.37,33433.77,CUST1378,BR27
TXN000967,ACC798168,2025-04-21 17:58:04.597414,DEPOSIT,5449.38,37807.68,CUST4829,BR21
TXN000968,ACC581680,2025-04-08 17:58:04.597414,WITHDRAWAL,9628.06,37939.54,CUST7380,BR28
TXN000969,ACC381342,2025-04-27 17:58:04.597414,TRANSFER,765.29,29316.66,CUST1615,BR16
TXN000970,ACC639542,2025-04-10 17:58:04.597414,WITHDRAWAL,3663.15,45313.63,CUST3330,BR46
TXN000971,ACC144238,2025-03-30 17:58:04.597414,TRANSFER,2261.56,41052.98,CUST2754,BR23
TXN000972,ACC101252,2025-04-22 17:58:04.597414,DEPOSIT,1966.37,38095.36,CUST1463,BR20
TXN000973,ACC926196,2025-04-04 17:58:04.597414,DEPOSIT,1416.62,3724.67,CUST5267,BR38
TXN000974,ACC964141,2025-04-17 17:58:04.597414,DEPOSIT,6227.91,1337.02,CUST4158,BR25
TXN000975,ACC585450,2025-04-01 17:58:04.597414,DEPOSIT,7815.41,11409.92,CUST4624,BR28
TXN000976,ACC415826,2025-04-24 17:58:04.597414,WITHDRAWAL,5787.2,33512.66,CUST5938,BR5
TXN000977,ACC421638,2025-04-05 17:58:04.597414,WITHDRAWAL,1478.16,21148.68,CUST6417,BR21
TXN000978,ACC705605,2025-04-17 17:58:04.597414,DEPOSIT,8113.13,20717.91,CUST7004,BR18
TXN000979,ACC427359,2025-04-26 17:58:04.597414,DEPOSIT,6363.19,44344.76,CUST9881,BR47
TXN000980,ACC702875,2025-04-19 17:58:04.597414,DEPOSIT,3887.78,44882.58,CUST6603,BR6
TXN000981,ACC106949,2025-04-18 17:58:04.597414,WITHDRAWAL,6744.56,45549.59,CUST3212,BR29
TXN000982,ACC863185,2025-04-16 17:58:04.597414,DEPOSIT,2606.45,16380.03,CUST7120,BR19
TXN000983,ACC417537,2025-04-10 17:58:04.597414,DEPOSIT,3458.47,34861.73,CUST6818,BR33
TXN000984,ACC828913,2025-04-11 17:58:04.597414,DEPOSIT,9175.68,14310.03,CUST1382,BR1
TXN000985,ACC762301,2025-04-07 17:58:04.597414,TRANSFER,2912.14,10339.88,CUST3256,BR45
TXN000986,ACC650222,2025-04-08 17:58:04.597414,DEPOSIT,4705.18,10046.99,CUST2412,BR3
TXN000987,ACC880722,2025-03-30 17:58:04.597414,TRANSFER,8902.51,17763.27,CUST7146,BR42
TXN000988,ACC555102,2025-04-22 17:58:04.597414,TRANSFER,7080.14,22067.92,CUST1371,BR21
TXN000989,ACC437889,2025-04-23 17:58:04.597414,DEPOSIT,631.41,41716.51,CUST6806,BR35
TXN000990,ACC576467,2025-04-06 17:58:04.597414,TRANSFER,1481.56,6874.66,CUST6565,BR41
TXN000991,ACC456600,2025-04-14 17:58:04.597414,DEPOSIT,88.34,37011.37,CUST9802,BR40
TXN000992,ACC415557,2025-04-23 17:58:04.597414,WITHDRAWAL,6312.91,27041.29,CUST9307,BR3
TXN000993,ACC983671,2025-03-31 17:58:04.597414,WITHDRAWAL,4482.26,15109.32,CUST8437,BR25
TXN000994,ACC404462,2025-04-21 17:58:04.597414,WITHDRAWAL,1351.41,25148.16,CUST1446,BR45
TXN000995,ACC350875,2025-04-03 17:58:04.597414,WITHDRAWAL,9579.76,15697.16,CUST2391,BR38
TXN000996,ACC563389,2025-04-02 17:58:04.597414,TRANSFER,5301.3,30208.02,CUST2340,BR45
TXN000997,ACC170390,2025-04-02 17:58:04.597414,DEPOSIT,2426.51,22258.35,CUST3939,BR20
TXN000998,ACC807689,2025-04-19 17:58:04.597414,DEPOSIT,5011.03,9055.87,CUST6969,BR44
TXN000999,ACC353490,2025-04-12 17:58:04.597414,DEPOSIT,6799.41,6712.57,CUST5813,BR45
