transaction_id,customer_id,transaction_date,transaction_amount,account_type,transaction_type,status
1,2685,2025-03-06 17:50:46.055480,2310.1592225944205,checking,withdrawal,completed
2,1769,2024-05-06 17:50:46.055480,2069.7997835390797,savings,withdrawal,pending
3,7949,2024-12-20 17:50:46.055480,6383.2283252265415,investment,withdrawal,completed
4,3433,2024-07-16 17:50:46.055480,2576.269637980691,checking,withdrawal,completed
5,6311,2024-08-07 17:50:46.055480,6323.83470534398,investment,withdrawal,completed
6,6051,2024-11-19 17:50:46.055480,593.9615949444535,investment,deposit,pending
7,7420,2025-02-02 17:50:46.055480,1426.3261913357476,savings,transfer,completed
8,2184,2025-03-06 17:50:46.055480,2752.6571374612527,investment,deposit,completed
9,5555,2024-07-16 17:50:46.055480,5974.49869978796,savings,withdrawal,completed
10,4385,2024-11-03 17:50:46.055480,,savings,withdrawal,completed
11,2685,2024-05-16 17:50:46.055480,4432.742498127475,savings,withdrawal,completed
12,1769,2025-04-22 17:50:46.055480,4463.451236626517,savings,,
13,7949,2024-06-13 17:50:46.055480,7247.923345472195,checking,transfer,completed
14,3433,2024-06-21 17:50:46.055480,168.05270673816858,checking,transfer,completed
15,6311,2024-08-26 17:50:46.055480,3417.489344497463,checking,withdrawal,completed
16,6051,2024-06-11 17:50:46.055480,8188.883500621135,savings,transfer,completed
17,7420,2024-08-18 17:50:46.055480,6036.161908031589,checking,withdrawal,completed
18,2184,2024-06-06 17:50:46.055480,3378.8990562266495,,transfer,completed
19,5555,2025-03-07 17:50:46.055480,9056.192675373442,investment,withdrawal,completed
20,4385,2024-08-24 17:50:46.055480,7728.501047219332,savings,,completed
21,7396,2024-09-03 17:50:46.055480,2656.3055178949667,checking,,completed
22,9666,2024-09-13 17:50:46.055480,6456.445476881911,investment,transfer,completed
23,3558,2025-02-22 17:50:46.055480,5961.549774607677,investment,deposit,completed
24,8849,2025-03-10 17:50:46.055480,4017.867261249437,investment,deposit,failed
25,3047,2025-01-23 17:50:46.055480,3675.8912312559587,checking,transfer,pending
26,3747,2025-01-28 17:50:46.055480,,savings,deposit,pending
27,1189,2024-08-09 17:50:46.055480,6175.386276122512,checking,transfer,completed
28,3734,2024-07-13 17:50:46.055480,4429.675265441889,checking,withdrawal,completed
29,4005,2025-01-24 17:50:46.055480,8320.312501381706,investment,withdrawal,completed
30,5658,2025-02-01 17:50:46.055480,6699.330135178279,investment,,completed
31,2899,2025-02-11 17:50:46.055480,708.6167410372469,savings,withdrawal,completed
32,8734,2024-07-16 17:50:46.055480,6405.280556043379,investment,withdrawal,completed
33,2267,2024-12-31 17:50:46.055480,2718.7628906368464,savings,withdrawal,completed
34,2528,2024-07-02 17:50:46.055480,5932.1917966176925,savings,withdrawal,completed
35,4556,2024-11-16 17:50:46.055480,6804.517991723479,checking,transfer,failed
36,4890,2024-10-30 17:50:46.055480,2315.9835996485804,,deposit,completed
37,9838,2024-09-19 17:50:46.055480,4574.017862354883,checking,,pending
38,6393,2024-06-23 17:50:46.055480,1911.3453795624873,,transfer,completed
39,9792,2025-04-23 17:50:46.055480,532.865369107218,investment,deposit,completed
40,9433,2024-06-04 17:50:46.055480,3790.979470623832,checking,transfer,completed
41,8513,2024-08-10 17:50:46.055480,3635.81327574146,savings,withdrawal,completed
42,3612,2024-11-20 17:50:46.055480,9954.850102135528,investment,deposit,failed
43,8041,2024-11-30 17:50:46.055480,-100.0,savings,,pending
44,7235,2025-02-04 17:50:46.055480,3342.359799227282,,deposit,completed
45,6486,2024-12-04 17:50:46.055480,5808.945317099579,,deposit,completed
46,8099,2025-01-08 17:50:46.055480,896.786267136607,savings,withdrawal,failed
47,1775,2025-03-25 17:50:46.055480,9617.040702188584,checking,withdrawal,completed
48,9226,2024-07-19 17:50:46.055480,6353.250855454421,,withdrawal,pending
49,4152,2024-10-24 17:50:46.055480,,savings,transfer,completed
50,2585,2025-02-07 17:50:46.055480,1713.0746023574363,checking,withdrawal,completed
51,4943,2025-04-28 17:50:46.055480,-100.0,checking,withdrawal,completed
52,8555,2024-07-01 17:50:46.055480,4232.664242827934,savings,deposit,completed
53,4073,2024-10-15 17:50:46.055480,8219.846374571858,,withdrawal,completed
54,2021,2025-04-19 17:50:46.055480,22.35443079650033,investment,deposit,completed
55,4843,2024-09-08 17:50:46.055480,3015.5225524490183,savings,deposit,completed
56,8989,2024-10-17 17:50:46.055480,9812.551379699597,checking,withdrawal,completed
57,7873,2025-01-01 17:50:46.055480,4754.116569627124,checking,deposit,completed
58,6675,2025-04-10 17:50:46.055480,3831.4375396376427,investment,deposit,completed
59,1161,2024-08-12 17:50:46.055480,1207.091730156287,checking,deposit,completed
60,5297,2024-07-11 17:50:46.055480,9741.904639993876,checking,,completed
61,1995,2024-08-17 17:50:46.055480,210.06329569898645,checking,,completed
62,8629,2024-09-20 17:50:46.055480,7374.4304478223585,savings,withdrawal,failed
63,2016,2024-09-16 17:50:46.055480,7688.312049837199,,,pending
64,8869,2025-03-08 17:50:46.055480,2444.1305934780275,checking,transfer,completed
65,7439,2024-05-10 17:50:46.055480,6718.868851694243,savings,withdrawal,completed
66,8892,2024-05-23 17:50:46.055480,938.3621523501054,savings,deposit,pending
67,7863,2024-05-01 17:50:46.055480,2577.902191656478,,transfer,
68,8916,2024-07-24 17:50:46.055480,7881.140863039727,checking,transfer,completed
69,9529,2025-02-08 17:50:46.055480,8648.215058415068,savings,withdrawal,completed
70,1878,2024-10-10 17:50:46.055480,6088.779262471316,checking,transfer,completed
71,5887,2024-11-23 17:50:46.055480,5073.315933886621,investment,withdrawal,completed
72,5859,2024-12-31 17:50:46.055480,1601.4471659836133,savings,transfer,completed
73,7331,2025-03-02 17:50:46.055480,640.4592404607101,checking,,completed
74,9571,2024-09-27 17:50:46.055480,1185.3137944508508,savings,withdrawal,pending
75,9684,2024-12-23 17:50:46.055480,2281.2994279600266,investment,transfer,
76,8208,2024-09-18 17:50:46.055480,,checking,withdrawal,completed
77,6276,2024-10-03 17:50:46.055480,3815.2861598547624,investment,withdrawal,completed
78,3062,2025-01-05 17:50:46.055480,3469.7544682041453,checking,transfer,completed
79,1064,2024-10-03 17:50:46.055480,2398.1627686506836,savings,deposit,pending
80,9006,2025-04-16 17:50:46.055480,5102.145225049464,savings,withdrawal,completed
81,3568,2025-04-21 17:50:46.055480,8254.608221246639,investment,deposit,completed
82,6463,2025-03-21 17:50:46.055480,2804.238349330077,checking,withdrawal,completed
83,3027,2024-09-05 17:50:46.055480,9424.446320831308,investment,withdrawal,completed
84,3695,2024-07-23 17:50:46.055480,8734.63325062124,investment,transfer,completed
85,6258,2024-05-06 17:50:46.055480,,savings,deposit,completed
86,6618,2024-10-11 17:50:46.055480,7864.896808003374,investment,withdrawal,completed
87,7736,2024-08-27 17:50:46.055480,5750.127949354489,investment,deposit,
88,1391,2024-07-26 17:50:46.055480,5670.087868092472,checking,transfer,failed
89,6892,2024-09-07 17:50:46.055480,3916.5172029511623,checking,,failed
90,4561,2025-04-26 17:50:46.055480,5016.518461828277,,,completed
91,7184,2024-11-27 17:50:46.055480,3977.815986517818,checking,transfer,completed
92,4099,2025-04-01 17:50:46.055480,5401.928861411829,investment,transfer,completed
93,7278,2025-01-11 17:50:46.055480,6283.221027198632,,deposit,failed
94,9392,2025-01-22 17:50:46.055480,6746.295026026393,checking,deposit,completed
95,4104,2024-09-27 17:50:46.055480,5329.487113668667,savings,withdrawal,completed
96,8215,2024-07-11 17:50:46.055480,7217.0064526140295,savings,transfer,completed
97,3454,2025-02-14 17:50:46.055480,1421.367712262303,savings,,completed
98,9996,2024-06-08 17:50:46.055480,2127.705084113363,checking,deposit,completed
99,3731,2024-12-05 17:50:46.055480,8189.162690701959,checking,,completed
100,9154,2024-12-23 17:50:46.055480,3232.0544986856876,savings,withdrawal,completed
101,6056,2024-05-24 17:50:46.055480,238.70931151144126,investment,withdrawal,completed
102,9110,2025-03-19 17:50:46.055480,1546.3735851836307,investment,deposit,pending
103,4840,2024-05-09 17:50:46.055480,2243.9082006181493,savings,deposit,completed
104,2028,2025-03-20 17:50:46.055480,9573.655650066927,checking,withdrawal,completed
105,8385,2025-03-27 17:50:46.055480,5734.683875019185,savings,withdrawal,completed
106,1502,2025-04-13 17:50:46.055480,9327.980097357786,checking,deposit,pending
107,7910,2024-11-16 17:50:46.055480,5755.881871461283,,withdrawal,completed
108,7938,2024-11-28 17:50:46.055480,4798.750856977139,investment,transfer,
109,5488,2025-02-13 17:50:46.055480,3144.1396350290197,investment,transfer,completed
110,1206,2025-02-02 17:50:46.055480,6067.645734889422,,,
111,6134,2025-01-03 17:50:46.055480,1400.588265929123,checking,withdrawal,failed
112,6977,2024-05-03 17:50:46.055480,8983.633656654132,investment,deposit,completed
113,8721,2024-05-23 17:50:46.055480,8295.030727361423,checking,transfer,completed
114,8035,2025-04-03 17:50:46.055480,,,withdrawal,completed
115,2484,2024-06-21 17:50:46.055480,9528.44730073693,checking,deposit,completed
116,8858,2024-07-17 17:50:46.055480,8253.755666481526,investment,deposit,completed
117,1863,2024-12-17 17:50:46.055480,6666.405789492047,investment,withdrawal,completed
118,3790,2024-09-23 17:50:46.055480,1226.401492141495,checking,deposit,completed
119,8408,2024-11-13 17:50:46.055480,4787.557890250242,checking,deposit,completed
120,9755,2025-01-22 17:50:46.055480,5066.014472919041,investment,deposit,completed
121,6116,2024-08-05 17:50:46.055480,2333.188070070147,savings,deposit,completed
122,7019,2024-09-05 17:50:46.055480,808.8542896494264,checking,withdrawal,completed
123,2757,2024-06-25 17:50:46.055480,,checking,withdrawal,completed
124,8574,2024-11-08 17:50:46.055480,1229.1301707227062,checking,withdrawal,completed
125,7374,2024-10-22 17:50:46.055480,5946.964598112129,investment,deposit,completed
126,7892,2024-12-29 17:50:46.055480,-100.0,savings,deposit,pending
127,2678,2025-03-15 17:50:46.055480,8762.290874054444,checking,withdrawal,completed
128,4242,2025-02-25 17:50:46.055480,2784.748711255119,checking,withdrawal,completed
129,5636,2024-12-21 17:50:46.055480,8515.971889137141,checking,withdrawal,completed
130,2059,2024-06-24 17:50:46.055480,13.32173614368917,checking,withdrawal,pending
131,7668,2024-05-02 17:50:46.055480,186.70121803643966,savings,,pending
132,4157,2024-10-19 17:50:46.055480,6029.506106790221,checking,deposit,pending
133,6915,2024-06-27 17:50:46.055480,3654.3342092538496,checking,withdrawal,completed
134,3693,2024-10-31 17:50:46.055480,3870.7438031798797,investment,withdrawal,completed
135,4627,2024-07-12 17:50:46.055480,5648.766495882036,checking,withdrawal,completed
136,6450,2024-07-22 17:50:46.055480,1925.9067313626872,savings,deposit,completed
137,2663,2025-04-01 17:50:46.055480,2125.4359531481286,savings,withdrawal,failed
138,6592,2024-12-02 17:50:46.055480,4851.169854318458,savings,transfer,completed
139,8392,2024-08-06 17:50:46.055480,7544.992907995192,savings,deposit,completed
140,2306,2024-07-08 17:50:46.055480,6198.782536561801,savings,deposit,completed
141,7776,2025-04-19 17:50:46.055480,2980.5769318860207,investment,deposit,pending
142,6864,2024-11-17 17:50:46.055480,4309.068403314122,savings,transfer,completed
143,8526,2025-01-07 17:50:46.055480,1714.940937914484,savings,deposit,completed
144,9901,2024-10-25 17:50:46.055480,755.5518452274463,investment,,completed
145,6575,2024-07-09 17:50:46.055480,7829.133447034051,savings,withdrawal,completed
146,6530,2024-09-10 17:50:46.055480,2661.220217790064,checking,,completed
147,5413,2024-09-15 17:50:46.055480,1785.8862146339695,checking,,pending
148,4748,2024-06-24 17:50:46.055480,6919.2643751375,checking,withdrawal,completed
149,1663,2025-01-22 17:50:46.055480,6184.336226128988,investment,deposit,completed
150,2998,2025-03-06 17:50:46.055480,6335.564363874506,investment,deposit,completed
151,8994,2025-01-09 17:50:46.055480,2296.65710241767,,deposit,completed
152,2495,2024-11-29 17:50:46.055480,2334.1289302411833,savings,transfer,pending
153,4304,2024-08-27 17:50:46.055480,2215.818271558535,savings,deposit,completed
154,4763,2025-02-20 17:50:46.055480,1745.788430666322,checking,deposit,completed
155,6232,2024-06-22 17:50:46.055480,6560.679488890946,savings,withdrawal,pending
156,2853,2024-07-15 17:50:46.055480,8481.678693641521,savings,,completed
157,7585,2024-08-23 17:50:46.055480,7245.931522069845,,deposit,completed
158,2291,2025-03-25 17:50:46.055480,7923.015401267827,checking,deposit,completed
159,4581,2024-09-03 17:50:46.055480,4053.936306561146,savings,deposit,completed
160,8554,2024-12-03 17:50:46.055480,6544.217195766261,savings,,completed
161,8280,2024-09-15 17:50:46.055480,3548.8200420432977,savings,withdrawal,completed
162,2636,2024-08-29 17:50:46.055480,5259.791173466714,savings,deposit,completed
163,4696,2024-05-28 17:50:46.055480,4821.532116883274,investment,deposit,completed
164,1698,2024-04-30 17:50:46.055480,1777.1025799871054,checking,deposit,completed
165,5737,2024-10-11 17:50:46.055480,3876.916815752952,investment,deposit,completed
166,1854,2024-11-27 17:50:46.055480,9638.584532068686,savings,,failed
167,9164,2025-02-16 17:50:46.055480,2493.3167745722712,investment,transfer,completed
168,6855,2024-10-11 17:50:46.055480,1346.6993254320923,investment,withdrawal,completed
169,8392,2024-07-08 17:50:46.055480,4191.620410023113,checking,transfer,completed
170,7528,2025-04-13 17:50:46.055480,7905.47398124288,checking,deposit,completed
171,6249,2024-12-22 17:50:46.055480,5825.660815501923,,transfer,completed
172,6172,2024-09-25 17:50:46.055480,6812.938524110063,savings,transfer,completed
173,2707,2025-02-28 17:50:46.055480,1905.0515332650252,,withdrawal,completed
174,6791,2025-01-16 17:50:46.055480,6193.292448147138,checking,transfer,completed
175,6535,2025-03-19 17:50:46.055480,3241.768945165623,savings,deposit,completed
176,5931,2025-04-05 17:50:46.055480,8344.690625888128,investment,deposit,pending
177,4510,2025-03-22 17:50:46.055480,6296.695072047254,,deposit,pending
178,1202,2024-07-13 17:50:46.055480,1996.5742149752061,checking,withdrawal,completed
179,5218,2024-12-20 17:50:46.055480,655.5206316424205,investment,transfer,completed
180,9958,2024-09-13 17:50:46.055480,435.90576077745703,savings,,completed
181,5389,2025-01-12 17:50:46.055480,3720.371590824906,checking,withdrawal,completed
182,3327,2024-11-09 17:50:46.055480,2665.8528551765917,savings,transfer,completed
183,9004,2025-01-18 17:50:46.055480,6464.440333390456,savings,transfer,pending
184,3931,2024-05-11 17:50:46.055480,4998.345011436397,,deposit,completed
185,8777,2025-04-18 17:50:46.055480,2667.5325872737535,savings,withdrawal,completed
186,1197,2024-07-29 17:50:46.055480,1500.8854017222595,checking,deposit,completed
187,8125,2025-01-19 17:50:46.055480,1280.7256292476213,checking,withdrawal,completed
188,2930,2025-03-17 17:50:46.055480,-100.0,savings,,pending
189,7287,2024-06-29 17:50:46.055480,,checking,deposit,completed
190,9800,2025-04-13 17:50:46.055480,6520.589372630574,investment,transfer,pending
191,5282,2024-06-04 17:50:46.055480,8108.7524205828,checking,withdrawal,completed
192,3511,2025-03-04 17:50:46.055480,6144.672298735513,,withdrawal,completed
193,1659,2024-06-23 17:50:46.055480,8597.056664152988,,withdrawal,pending
194,3811,2024-07-01 17:50:46.055480,3930.0132780694603,savings,withdrawal,completed
195,8098,2025-04-18 17:50:46.055480,9562.659684582994,,deposit,
196,7546,2024-06-16 17:50:46.055480,1340.1185917391883,investment,deposit,completed
197,2986,2025-02-09 17:50:46.055480,1030.4738012788057,savings,deposit,completed
198,9338,2024-09-26 17:50:46.055480,6590.334540612361,checking,withdrawal,failed
199,3911,2024-05-26 17:50:46.055480,9428.883102718484,savings,deposit,completed
200,2734,2024-08-09 17:50:46.055480,8090.745781746918,savings,transfer,
201,2843,2024-12-02 17:50:46.055480,773.4044257861339,investment,withdrawal,
202,9680,2025-02-08 17:50:46.055480,2800.8834622078166,savings,withdrawal,completed
203,3976,2024-09-27 17:50:46.055480,9303.885659529858,investment,withdrawal,completed
204,2959,2024-10-14 17:50:46.055480,2538.0537436798377,savings,withdrawal,completed
205,6759,2024-10-12 17:50:46.055480,7813.892533631323,checking,,completed
206,7694,2025-04-05 17:50:46.055480,8253.070637327752,,deposit,completed
207,3385,2025-01-31 17:50:46.055480,4959.566513575208,savings,deposit,completed
208,5736,2024-08-05 17:50:46.055480,3869.625609384672,checking,transfer,completed
209,2802,2024-12-08 17:50:46.055480,4506.7430798733985,savings,deposit,completed
210,9155,2025-03-02 17:50:46.055480,-100.0,checking,deposit,
211,9120,2024-04-30 17:50:46.055480,8895.015252127154,savings,withdrawal,pending
212,7616,2025-04-04 17:50:46.055480,4511.690370730282,savings,deposit,completed
213,6534,2025-03-14 17:50:46.055480,8825.769810156437,savings,withdrawal,completed
214,5061,2024-07-16 17:50:46.055480,1065.8778642636782,,deposit,pending
215,1262,2024-08-07 17:50:46.055480,9882.869957291312,savings,transfer,completed
216,7287,2025-04-14 17:50:46.055480,4438.298143561747,checking,transfer,completed
217,9815,2024-10-13 17:50:46.055480,487.8298957371136,savings,withdrawal,
218,3049,2024-07-22 17:50:46.055480,,,withdrawal,completed
219,6423,2025-02-03 17:50:46.055480,7464.610502243568,checking,transfer,completed
220,5548,2024-08-23 17:50:46.055480,6593.764986694771,checking,deposit,pending
221,4108,2024-08-03 17:50:46.055480,8023.284275694599,checking,transfer,failed
222,8158,2024-05-30 17:50:46.055480,1062.6216641885314,checking,transfer,completed
223,8400,2025-01-03 17:50:46.055480,365.352961685128,investment,transfer,completed
224,4170,2025-04-23 17:50:46.055480,5090.707101581309,investment,withdrawal,completed
225,3255,2024-12-14 17:50:46.055480,3882.0763625128675,checking,deposit,completed
226,2154,2024-11-05 17:50:46.055480,4624.849897342848,savings,withdrawal,completed
227,5499,2024-06-06 17:50:46.055480,9915.968204614037,checking,transfer,completed
228,7295,2024-06-19 17:50:46.055480,9707.792077129996,,deposit,pending
229,7197,2024-09-27 17:50:46.055480,9423.730742835196,,transfer,completed
230,2648,2025-02-07 17:50:46.055480,,checking,deposit,completed
231,6539,2024-09-19 17:50:46.055480,3554.865188966335,investment,deposit,completed
232,5199,2025-01-17 17:50:46.055480,4127.187993325088,investment,deposit,completed
233,9445,2024-07-31 17:50:46.055480,5500.664276752055,checking,deposit,completed
234,3557,2025-04-16 17:50:46.055480,8307.039219484352,checking,withdrawal,completed
235,6592,2024-11-22 17:50:46.055480,696.4411968574949,savings,deposit,completed
236,1098,2024-11-29 17:50:46.055480,,investment,,completed
237,3200,2025-01-12 17:50:46.055480,835.3504579580941,,withdrawal,completed
238,3961,2024-10-24 17:50:46.055480,5151.42928986938,investment,deposit,pending
239,5973,2024-07-03 17:50:46.055480,8990.01923182229,investment,withdrawal,completed
240,5433,2025-01-22 17:50:46.055480,7827.02439639374,savings,transfer,completed
241,3869,2024-12-20 17:50:46.055480,2286.1457512556685,investment,transfer,pending
242,1956,2024-07-11 17:50:46.055480,9760.148587491936,investment,deposit,
243,9352,2024-11-10 17:50:46.055480,6676.830476483819,checking,transfer,completed
244,6699,2024-10-29 17:50:46.055480,114.17271698005665,savings,transfer,completed
245,7944,2024-05-01 17:50:46.055480,2561.580712005343,investment,deposit,pending
246,5493,2025-03-22 17:50:46.055480,2614.5258661999665,checking,deposit,
247,5911,2025-04-15 17:50:46.055480,701.8505197957408,investment,withdrawal,completed
248,4987,2025-04-26 17:50:46.055480,9598.666915578531,checking,deposit,completed
249,7015,2024-05-16 17:50:46.055480,4787.770392813478,savings,transfer,completed
250,2218,2024-10-02 17:50:46.055480,8959.187827745101,investment,withdrawal,completed
251,5496,2024-11-20 17:50:46.055480,3228.9328794118373,checking,,completed
252,5735,2025-04-14 17:50:46.055480,1261.083368623943,checking,withdrawal,completed
253,5555,2025-01-12 17:50:46.055480,4748.617737963077,savings,deposit,pending
254,9050,2024-06-23 17:50:46.055480,1148.4267807960284,investment,deposit,completed
255,4446,2024-09-15 17:50:46.055480,,checking,withdrawal,completed
256,2045,2024-11-11 17:50:46.055480,9203.768840381883,,transfer,completed
257,7893,2025-03-27 17:50:46.055480,5212.473736923785,checking,transfer,completed
258,2693,2024-08-22 17:50:46.055480,-100.0,,deposit,completed
259,4436,2024-08-26 17:50:46.055480,1574.817985368345,,deposit,completed
260,9754,2024-08-04 17:50:46.055480,446.91890254089515,savings,deposit,completed
261,6895,2024-12-10 17:50:46.055480,,savings,withdrawal,completed
262,4354,2024-07-30 17:50:46.055480,5989.330441086813,savings,deposit,
263,1225,2025-01-24 17:50:46.055480,959.1668729331236,savings,withdrawal,completed
264,5893,2024-09-15 17:50:46.055480,3766.168970513701,checking,withdrawal,completed
265,8022,2025-03-22 17:50:46.055480,5505.418485176979,checking,,
266,6600,2024-07-02 17:50:46.055480,3892.641458312172,checking,deposit,completed
267,8996,2025-04-01 17:50:46.055480,1645.2011766383619,savings,deposit,completed
268,8683,2024-06-16 17:50:46.055480,2745.1751620659243,checking,withdrawal,pending
269,5642,2024-08-28 17:50:46.055480,9283.892153157283,savings,withdrawal,completed
270,8679,2024-09-06 17:50:46.055480,6763.06293310769,,deposit,completed
271,9208,2024-10-27 17:50:46.055480,,checking,,completed
272,8339,2024-08-01 17:50:46.055480,137.02175096906626,savings,transfer,pending
273,3205,2024-09-06 17:50:46.055480,9924.229850889807,savings,deposit,completed
274,2069,2024-09-03 17:50:46.055480,6717.834799597486,investment,deposit,completed
275,4444,2024-08-07 17:50:46.055480,3176.055548676,,withdrawal,completed
276,2060,2024-05-06 17:50:46.055480,8793.893913378404,investment,transfer,completed
277,3327,2024-05-25 17:50:46.055480,2591.7318867152626,,deposit,completed
278,4420,2025-02-24 17:50:46.055480,5444.725626035688,checking,withdrawal,completed
279,1301,2024-11-04 17:50:46.055480,6364.346929660953,investment,withdrawal,completed
280,1606,2025-04-27 17:50:46.055480,2218.423080822747,investment,deposit,completed
281,4170,2024-12-09 17:50:46.055480,-100.0,checking,withdrawal,completed
282,1699,2024-11-23 17:50:46.055480,7484.437140730185,,,completed
283,6088,2024-06-10 17:50:46.055480,5582.5541228555885,checking,deposit,pending
284,1190,2024-12-05 17:50:46.055480,1814.1400357712557,savings,deposit,completed
285,1980,2024-07-11 17:50:46.055480,548.043487910281,checking,withdrawal,failed
286,3975,2024-11-28 17:50:46.055480,3207.3977268846247,savings,transfer,pending
287,7102,2024-10-19 17:50:46.055480,7534.341485774894,investment,,completed
288,2184,2025-02-16 17:50:46.055480,2700.61967003723,savings,withdrawal,completed
289,4327,2024-06-29 17:50:46.055480,5400.166642750096,savings,transfer,failed
290,4394,2024-05-21 17:50:46.055480,7282.192295540124,checking,withdrawal,completed
291,9319,2024-12-11 17:50:46.055480,1088.3577093181789,investment,withdrawal,pending
292,2816,2024-10-25 17:50:46.055480,6856.127180997575,checking,deposit,completed
293,6854,2024-07-11 17:50:46.055480,927.7901682233465,savings,deposit,completed
294,7709,2025-02-28 17:50:46.055480,9651.646123848695,,deposit,completed
295,1569,2024-10-14 17:50:46.055480,4889.057359348746,investment,withdrawal,completed
296,6442,2024-07-09 17:50:46.055480,1515.254316021675,savings,deposit,
297,2895,2024-06-15 17:50:46.055480,3430.4125239751293,investment,,completed
298,3733,2024-07-02 17:50:46.055480,4140.030328459662,investment,deposit,completed
299,4863,2024-05-21 17:50:46.055480,7584.268260654608,investment,deposit,failed
300,8455,2025-04-19 17:50:46.055480,7436.803622905327,savings,withdrawal,completed
301,5014,2025-02-27 17:50:46.055480,6123.285648319937,checking,transfer,completed
302,2686,2024-06-01 17:50:46.055480,1068.2478184593447,checking,deposit,completed
303,4009,2024-09-16 17:50:46.055480,1524.1780221608592,checking,deposit,completed
304,8806,2024-11-28 17:50:46.055480,946.6316372491108,savings,,completed
305,1154,2024-10-13 17:50:46.055480,5775.9561050426255,checking,deposit,completed
306,2409,2025-03-09 17:50:46.055480,8772.613030698925,savings,deposit,completed
307,1784,2024-08-13 17:50:46.055480,4343.6671174251705,checking,transfer,completed
308,9096,2025-03-02 17:50:46.055480,1616.8732578378845,checking,deposit,completed
309,8560,2025-02-17 17:50:46.055480,5584.84282823818,investment,withdrawal,completed
310,8343,2024-12-03 17:50:46.055480,8119.404646488441,savings,withdrawal,completed
311,8206,2024-05-16 17:50:46.055480,7419.70349451417,checking,deposit,completed
312,6596,2025-02-26 17:50:46.055480,8815.693288953464,investment,deposit,completed
313,6801,2024-06-24 17:50:46.055480,2786.2419515161896,checking,deposit,completed
314,3806,2024-08-30 17:50:46.055480,1947.599134005071,investment,deposit,pending
315,1537,2024-06-04 17:50:46.055480,8799.366694559967,investment,deposit,completed
316,6986,2025-01-13 17:50:46.055480,6579.027524652451,checking,transfer,completed
317,2841,2024-09-16 17:50:46.055480,3116.180010775466,investment,withdrawal,completed
318,9716,2024-06-21 17:50:46.055480,7426.057025219367,savings,withdrawal,completed
319,7971,2024-09-24 17:50:46.055480,8153.032660958876,savings,transfer,completed
320,6625,2024-09-01 17:50:46.055480,6153.632621007912,checking,withdrawal,completed
321,3950,2024-08-14 17:50:46.055480,6881.962257700352,checking,deposit,completed
322,8992,2024-08-11 17:50:46.055480,3758.8464453822367,,,completed
323,5780,2025-04-25 17:50:46.055480,5391.569716756961,checking,deposit,pending
324,3368,2024-08-12 17:50:46.055480,5246.350115554361,savings,deposit,completed
325,7655,2025-03-07 17:50:46.055480,8481.997433396411,savings,transfer,completed
326,9173,2025-03-14 17:50:46.055480,8401.240163019003,savings,withdrawal,pending
327,5495,2024-09-27 17:50:46.055480,8328.47788877696,checking,withdrawal,completed
328,7002,2024-11-04 17:50:46.055480,120.20582648203329,checking,deposit,completed
329,7614,2025-04-21 17:50:46.055480,7497.9593898441935,investment,withdrawal,completed
330,6919,2025-01-21 17:50:46.055480,7589.177137208939,checking,deposit,completed
331,1853,2025-04-10 17:50:46.055480,6787.004440322867,checking,,completed
332,5146,2024-09-01 17:50:46.055480,7565.083932335611,checking,deposit,completed
333,4769,2025-02-28 17:50:46.055480,8421.28401125212,savings,transfer,completed
334,1574,2024-11-03 17:50:46.055480,4708.487350476838,investment,withdrawal,completed
335,2148,2024-05-27 17:50:46.055480,5025.481632749587,checking,transfer,completed
336,7293,2025-02-27 17:50:46.055480,1255.8934285447908,checking,transfer,pending
337,7457,2024-12-06 17:50:46.055480,3859.9050716431443,checking,withdrawal,completed
338,8509,2024-09-26 17:50:46.055480,6437.218147318726,investment,deposit,completed
339,5777,2025-04-27 17:50:46.055480,7806.193763711272,savings,deposit,completed
340,4854,2024-11-21 17:50:46.055480,2179.9188859351934,savings,deposit,completed
341,3491,2024-09-15 17:50:46.055480,1386.8507626007618,investment,transfer,pending
342,4124,2024-08-04 17:50:46.055480,6633.789624959917,savings,transfer,completed
343,6691,2024-12-31 17:50:46.055480,28.78003641385731,investment,withdrawal,completed
344,4051,2025-01-31 17:50:46.055480,1791.942117230225,investment,deposit,completed
345,1004,2024-06-05 17:50:46.055480,300.4230896360978,checking,withdrawal,completed
346,6222,2025-02-21 17:50:46.055480,,checking,withdrawal,completed
347,6315,2024-05-08 17:50:46.055480,1821.3796064557973,checking,withdrawal,completed
348,5869,2025-01-22 17:50:46.055480,3882.859211556438,checking,transfer,completed
349,1876,2024-08-06 17:50:46.055480,4029.247975618694,,,completed
350,8027,2025-01-15 17:50:46.055480,8743.882081396276,savings,deposit,completed
351,5142,2024-06-11 17:50:46.055480,5105.996027863263,checking,withdrawal,pending
352,7966,2024-12-28 17:50:46.055480,7236.81360846674,investment,withdrawal,completed
353,8079,2025-04-01 17:50:46.055480,1050.3322056236716,savings,deposit,completed
354,8987,2024-12-14 17:50:46.055480,2262.1331670823015,checking,deposit,completed
355,7799,2024-10-17 17:50:46.055480,7032.404975376981,checking,deposit,completed
356,5465,2024-09-16 17:50:46.055480,537.5115650805956,savings,transfer,completed
357,1635,2024-06-02 17:50:46.055480,4871.110645815093,investment,withdrawal,pending
358,2693,2024-11-11 17:50:46.055480,5997.695966972709,checking,withdrawal,completed
359,5752,2025-04-21 17:50:46.055480,6025.434984084286,checking,,failed
360,9311,2025-03-21 17:50:46.055480,239.09878456773987,savings,transfer,completed
361,1830,2025-04-05 17:50:46.055480,3227.8589622495633,checking,deposit,completed
362,6177,2024-08-12 17:50:46.055480,6368.541603981049,savings,withdrawal,completed
363,9932,2024-09-16 17:50:46.055480,1498.507364130942,savings,withdrawal,completed
364,9308,2024-12-27 17:50:46.055480,6957.202326797252,checking,transfer,completed
365,6949,2025-03-23 17:50:46.055480,7461.7928360486085,,transfer,completed
366,3838,2024-06-06 17:50:46.055480,9819.872212556991,savings,withdrawal,pending
367,2150,2024-08-22 17:50:46.055480,2106.32152861553,checking,deposit,
368,8560,2024-11-05 17:50:46.055480,8253.055369984491,savings,transfer,completed
369,2931,2025-01-30 17:50:46.055480,5207.762803417354,investment,deposit,completed
370,2664,2025-03-24 17:50:46.055480,3740.8913354802926,investment,deposit,completed
371,2081,2024-06-18 17:50:46.055480,1232.5438056785276,checking,deposit,completed
372,1512,2024-11-05 17:50:46.055480,7357.701008810501,,deposit,completed
373,8805,2024-07-20 17:50:46.055480,2366.217415445434,savings,deposit,completed
374,6237,2025-02-08 17:50:46.055480,3720.505798711727,checking,transfer,completed
375,1559,2025-01-06 17:50:46.055480,634.7968467047107,checking,,completed
376,4672,2025-03-21 17:50:46.055480,8015.655489036995,checking,deposit,completed
377,8404,2024-07-03 17:50:46.055480,7668.219354476717,investment,deposit,completed
378,4343,2024-09-18 17:50:46.055480,7338.822142122702,checking,deposit,completed
379,5070,2024-06-16 17:50:46.055480,3001.440669813948,checking,deposit,completed
380,1580,2024-05-16 17:50:46.055480,1743.0659419169128,investment,deposit,completed
381,8004,2025-01-05 17:50:46.055480,6379.157112057595,checking,,completed
382,9130,2024-10-26 17:50:46.055480,4966.702177291062,checking,deposit,completed
383,4147,2024-06-11 17:50:46.055480,1790.7421443773694,checking,withdrawal,completed
384,5249,2025-03-05 17:50:46.055480,6862.253597788139,checking,deposit,completed
385,2679,2025-03-21 17:50:46.055480,9911.353053894823,checking,transfer,completed
386,4506,2024-05-11 17:50:46.055480,7474.723681542956,savings,transfer,completed
387,8253,2025-03-21 17:50:46.055480,,checking,,completed
388,3744,2024-05-18 17:50:46.055480,9503.624401776611,checking,transfer,completed
389,6188,2024-09-05 17:50:46.055480,,investment,deposit,completed
390,3141,2024-07-15 17:50:46.055480,5659.84414956519,savings,deposit,completed
391,7617,2024-08-11 17:50:46.055480,9796.670683188495,savings,withdrawal,completed
392,3479,2024-09-26 17:50:46.055480,1661.2881685920438,savings,withdrawal,completed
393,7484,2024-12-04 17:50:46.055480,7005.517074850765,checking,withdrawal,pending
394,8421,2024-05-29 17:50:46.055480,5862.2433582593,savings,deposit,completed
395,5452,2024-11-13 17:50:46.055480,5868.926130965183,savings,deposit,
396,6881,2025-01-28 17:50:46.055480,6979.729568925551,checking,withdrawal,completed
397,7665,2024-05-12 17:50:46.055480,9296.873059528085,,withdrawal,completed
398,3849,2025-03-02 17:50:46.055480,7827.993579114866,checking,transfer,completed
399,8390,2025-03-02 17:50:46.055480,570.7996731279379,investment,deposit,completed
400,7905,2024-06-30 17:50:46.055480,8528.752918558355,checking,withdrawal,completed
401,3489,2024-11-12 17:50:46.055480,2263.1578859580686,investment,deposit,completed
402,5611,2024-08-04 17:50:46.055480,3775.372505716356,savings,deposit,completed
403,3839,2024-05-02 17:50:46.055480,4622.710807987698,investment,withdrawal,completed
404,9527,2025-03-16 17:50:46.055480,4814.250947523166,checking,deposit,completed
405,6878,2024-05-20 17:50:46.055480,4357.452188561015,savings,deposit,completed
406,7303,2024-10-31 17:50:46.055480,9374.159409216485,savings,deposit,completed
407,1851,2024-11-11 17:50:46.055480,7063.129886563605,investment,deposit,completed
408,2687,2024-05-09 17:50:46.055480,6315.394753107496,savings,deposit,completed
409,7833,2024-10-21 17:50:46.055480,507.92185755158613,savings,deposit,pending
410,3427,2024-11-26 17:50:46.055480,9040.094169301143,savings,deposit,failed
411,5000,2024-10-24 17:50:46.055480,9094.808018163878,checking,deposit,completed
412,6052,2025-04-23 17:50:46.055480,7804.328503666722,savings,withdrawal,completed
413,3738,2024-12-18 17:50:46.055480,80.22174609805536,checking,deposit,pending
414,6732,2024-09-07 17:50:46.055480,582.2297082654574,,deposit,completed
415,6387,2025-03-16 17:50:46.055480,,investment,deposit,completed
416,9002,2024-06-20 17:50:46.055480,1322.1805873676178,,withdrawal,failed
417,6536,2024-08-24 17:50:46.055480,3994.3719367402573,checking,transfer,completed
418,4913,2025-03-30 17:50:46.055480,9227.004350297018,investment,transfer,completed
419,2066,2025-04-07 17:50:46.055480,4725.883737628013,investment,transfer,completed
420,8723,2024-11-21 17:50:46.055480,143.89223805733445,savings,withdrawal,completed
421,5380,2024-05-02 17:50:46.055480,2834.6294388918323,savings,withdrawal,pending
422,5107,2024-11-23 17:50:46.055480,455.5031346458858,checking,withdrawal,completed
423,6726,2025-03-22 17:50:46.055480,372.51334990888654,investment,deposit,completed
424,4373,2025-02-07 17:50:46.055480,2764.441332424567,savings,deposit,completed
425,9945,2024-05-09 17:50:46.055480,2763.367263402665,checking,deposit,completed
426,3082,2024-08-15 17:50:46.055480,7873.394759990025,checking,,completed
427,9967,2024-10-06 17:50:46.055480,9748.598181283309,,withdrawal,completed
428,7748,2025-02-12 17:50:46.055480,3718.358867961083,investment,transfer,pending
429,1417,2025-04-18 17:50:46.055480,4294.579919821776,,deposit,completed
430,9306,2024-07-09 17:50:46.055480,8449.446468497354,savings,withdrawal,completed
431,9808,2024-09-18 17:50:46.055480,2688.7088107541786,checking,deposit,completed
432,4974,2025-04-17 17:50:46.055480,1572.254225990445,checking,deposit,completed
433,4267,2025-03-15 17:50:46.055480,8532.365337802468,checking,transfer,pending
434,1825,2024-11-26 17:50:46.055480,474.5408585362543,checking,withdrawal,completed
435,8668,2025-01-07 17:50:46.055480,6200.797407592163,checking,deposit,completed
436,6745,2024-09-09 17:50:46.055480,5624.3085461934,checking,transfer,completed
437,1412,2025-04-13 17:50:46.055480,3465.7452705419255,savings,deposit,completed
438,8543,2024-05-05 17:50:46.055480,3158.743315762616,,,completed
439,8587,2024-09-19 17:50:46.055480,7720.858684554397,savings,deposit,completed
440,1728,2024-05-11 17:50:46.055480,873.3818615178394,investment,deposit,completed
441,8164,2024-10-24 17:50:46.055480,2375.47525002074,savings,deposit,pending
442,9867,2024-05-21 17:50:46.055480,7327.1628310625165,checking,deposit,completed
443,6988,2024-04-30 17:50:46.055480,5487.722631426978,checking,deposit,failed
444,3504,2024-11-18 17:50:46.055480,1288.602203250528,checking,withdrawal,completed
445,3967,2024-06-08 17:50:46.055480,8822.534786677781,checking,transfer,completed
446,3786,2025-02-15 17:50:46.055480,3940.5439871702797,savings,transfer,completed
447,2122,2024-09-09 17:50:46.055480,8280.405069468507,checking,deposit,completed
448,5079,2024-09-18 17:50:46.055480,7879.2530251218095,checking,withdrawal,completed
449,2571,2024-06-15 17:50:46.055480,6248.010210252563,checking,deposit,completed
450,6073,2025-03-01 17:50:46.055480,4949.866501637979,,deposit,completed
451,6104,2024-05-30 17:50:46.055480,9795.712895413752,investment,withdrawal,pending
452,3143,2024-09-20 17:50:46.055480,1458.2010730743723,investment,withdrawal,completed
453,7806,2025-03-24 17:50:46.055480,7254.305718235637,checking,deposit,completed
454,8357,2024-07-26 17:50:46.055480,1919.9951076332422,investment,deposit,pending
455,4440,2024-10-16 17:50:46.055480,3389.2484222701605,investment,,completed
456,4766,2024-05-13 17:50:46.055480,3093.9004462982207,savings,deposit,completed
457,6644,2024-08-31 17:50:46.055480,9470.889517509842,,withdrawal,completed
458,3914,2024-06-10 17:50:46.055480,9673.88821610487,checking,withdrawal,completed
459,5968,2024-09-23 17:50:46.055480,1838.3242879049242,,deposit,completed
460,6917,2024-10-20 17:50:46.055480,230.13125137206683,,deposit,pending
461,9787,2025-04-13 17:50:46.055480,7202.8803162345,checking,withdrawal,completed
462,1728,2025-04-18 17:50:46.055480,4185.719439366138,savings,transfer,completed
463,2365,2024-10-19 17:50:46.055480,897.5140484247682,,withdrawal,completed
464,5492,2025-04-08 17:50:46.055480,6840.703514714655,checking,withdrawal,completed
465,1698,2024-12-31 17:50:46.055480,5455.60422732439,savings,,completed
466,8186,2024-10-02 17:50:46.055480,9805.36305179105,,transfer,completed
467,1395,2024-06-28 17:50:46.055480,2281.8208636551753,savings,withdrawal,completed
468,8400,2024-08-03 17:50:46.055480,4045.738984502217,checking,withdrawal,completed
469,9082,2024-10-20 17:50:46.055480,5430.032575920275,savings,withdrawal,completed
470,5171,2024-11-06 17:50:46.055480,7919.082884648983,checking,withdrawal,completed
471,5360,2024-07-19 17:50:46.055480,5492.898180633387,savings,withdrawal,completed
472,3502,2024-10-08 17:50:46.055480,6132.872607010872,checking,withdrawal,completed
473,1717,2024-11-17 17:50:46.055480,2269.209045383508,savings,deposit,completed
474,3782,2024-08-22 17:50:46.055480,8470.718093604713,savings,withdrawal,pending
475,5946,2024-09-15 17:50:46.055480,4292.019164235053,investment,deposit,completed
476,6486,2025-04-23 17:50:46.055480,1418.186678942475,savings,deposit,completed
477,9335,2025-04-01 17:50:46.055480,6645.23726590912,savings,deposit,completed
478,5980,2025-03-28 17:50:46.055480,2168.743627321222,savings,withdrawal,completed
479,8266,2024-12-17 17:50:46.055480,984.6494772906044,checking,withdrawal,pending
480,5491,2025-02-10 17:50:46.055480,8621.24921495868,savings,deposit,completed
481,8192,2025-03-03 17:50:46.055480,4607.021022239513,checking,withdrawal,pending
482,6588,2025-04-04 17:50:46.055480,7495.344289830807,,withdrawal,completed
483,8651,2024-09-16 17:50:46.055480,2912.9697224654874,checking,deposit,completed
484,4636,2024-07-19 17:50:46.055480,7871.831647827486,savings,withdrawal,pending
485,2167,2025-04-26 17:50:46.055480,1128.239910945088,savings,transfer,completed
486,2062,2025-01-21 17:50:46.055480,-100.0,savings,transfer,completed
487,3156,2025-03-22 17:50:46.055480,9780.83756155555,checking,withdrawal,completed
488,8860,2024-08-02 17:50:46.055480,7941.9572665163805,savings,withdrawal,pending
489,6161,2024-07-19 17:50:46.055480,4977.586743843734,savings,deposit,pending
490,6305,2024-11-24 17:50:46.055480,3404.376940903232,investment,deposit,completed
491,7541,2025-02-14 17:50:46.055480,8722.635643224541,checking,deposit,pending
492,5729,2024-07-16 17:50:46.055480,-100.0,savings,,completed
493,8330,2024-12-21 17:50:46.055480,7586.66592851242,savings,deposit,completed
494,6334,2024-11-06 17:50:46.055480,7543.535726358479,savings,deposit,completed
495,9924,2025-02-05 17:50:46.055480,,savings,transfer,completed
496,5330,2025-04-08 17:50:46.055480,1271.2752900982084,savings,,completed
497,9010,2025-04-03 17:50:46.055480,6599.697370283475,checking,transfer,completed
498,7801,2024-10-17 17:50:46.055480,1624.5819147458558,checking,deposit,completed
499,5846,2024-05-28 17:50:46.055480,2562.378513109491,checking,deposit,completed
500,7731,2024-09-06 17:50:46.055480,9466.913162454075,checking,withdrawal,completed
501,8241,2025-01-28 17:50:46.055480,5606.220761165369,savings,deposit,completed
502,1953,2025-04-09 17:50:46.055480,,savings,deposit,completed
503,3539,2024-07-01 17:50:46.055480,5584.227580438573,checking,withdrawal,completed
504,8056,2024-05-08 17:50:46.055480,5529.611011679424,,,completed
505,2542,2025-02-05 17:50:46.055480,950.577582155722,checking,deposit,completed
506,6293,2024-08-11 17:50:46.055480,3443.1952941649397,investment,withdrawal,pending
507,2191,2024-12-04 17:50:46.055480,2831.484677878252,savings,withdrawal,completed
508,7313,2024-08-16 17:50:46.055480,3913.3763724799965,checking,deposit,completed
509,7938,2025-03-03 17:50:46.055480,-100.0,checking,withdrawal,pending
510,3681,2025-04-15 17:50:46.055480,3725.60735248948,savings,deposit,completed
511,2540,2024-11-19 17:50:46.055480,4522.45122412451,checking,deposit,
512,7172,2024-11-18 17:50:46.055480,3979.840090948312,,transfer,completed
513,6541,2024-06-14 17:50:46.055480,943.145640033203,savings,deposit,completed
514,2365,2024-07-23 17:50:46.055480,4416.3108609253295,,,completed
515,9691,2024-07-24 17:50:46.055480,1964.136637714705,checking,deposit,completed
516,9702,2025-04-18 17:50:46.055480,1875.3657247726844,investment,withdrawal,completed
517,8494,2024-07-30 17:50:46.055480,949.4206832983209,savings,withdrawal,completed
518,5312,2024-08-02 17:50:46.055480,3573.14303167623,investment,deposit,completed
519,2324,2024-10-04 17:50:46.055480,7577.244029046279,checking,deposit,failed
520,4141,2025-04-03 17:50:46.055480,2771.652488928127,savings,withdrawal,completed
521,8419,2025-02-17 17:50:46.055480,3130.3675278362807,savings,transfer,completed
522,4486,2025-03-01 17:50:46.055480,6430.319830147511,investment,transfer,completed
523,2810,2024-12-06 17:50:46.055480,1966.4497177433195,checking,withdrawal,completed
524,7588,2025-01-27 17:50:46.055480,8970.609724931108,investment,transfer,pending
525,3923,2024-06-25 17:50:46.055480,5206.7033272830295,checking,withdrawal,completed
526,6301,2025-04-22 17:50:46.055480,4481.553373798967,investment,transfer,completed
527,5186,2025-02-10 17:50:46.055480,5582.623717372722,investment,withdrawal,completed
528,9905,2025-04-03 17:50:46.055480,1668.6827910277925,investment,withdrawal,completed
529,6977,2024-11-07 17:50:46.055480,6138.596655005371,savings,transfer,pending
530,5268,2025-03-11 17:50:46.055480,3637.376358973764,savings,withdrawal,completed
531,5748,2024-10-13 17:50:46.055480,8972.891546236542,,transfer,completed
532,5849,2024-05-16 17:50:46.055480,1696.8535247100845,checking,withdrawal,
533,4709,2024-10-31 17:50:46.055480,5075.440527615756,savings,deposit,pending
534,7619,2025-04-06 17:50:46.055480,5985.145167396489,savings,deposit,completed
535,9647,2024-06-18 17:50:46.055480,343.5021818459484,investment,withdrawal,completed
536,4072,2025-03-15 17:50:46.055480,3643.294316313841,checking,withdrawal,completed
537,7530,2025-04-15 17:50:46.055480,7329.02599466132,savings,transfer,completed
538,1504,2024-11-28 17:50:46.055480,8205.571299415244,investment,deposit,pending
539,2214,2024-09-20 17:50:46.055480,3138.4883282246506,checking,transfer,completed
540,2531,2024-10-06 17:50:46.055480,7987.9467911036845,,transfer,completed
541,8576,2024-07-31 17:50:46.055480,9677.881212262855,checking,deposit,completed
542,1823,2024-09-06 17:50:46.055480,8570.17062139019,checking,transfer,completed
543,1928,2024-05-25 17:50:46.055480,1185.2634417116587,checking,,completed
544,6029,2024-09-14 17:50:46.055480,7399.906017534551,checking,transfer,completed
545,1133,2025-04-21 17:50:46.055480,3203.4716560810416,,transfer,completed
546,3105,2024-11-15 17:50:46.055480,9884.275734226645,checking,,completed
547,4627,2024-06-15 17:50:46.055480,4858.736241767272,savings,withdrawal,completed
548,7316,2024-09-28 17:50:46.055480,1233.1146446058208,checking,deposit,completed
549,2852,2025-01-03 17:50:46.055480,7254.603624793634,savings,transfer,completed
550,5910,2024-05-21 17:50:46.055480,3236.8818718782763,savings,withdrawal,completed
551,5175,2025-02-17 17:50:46.055480,9970.810789245801,checking,withdrawal,completed
552,6348,2025-02-25 17:50:46.055480,9798.026753966673,checking,deposit,completed
553,7190,2024-10-07 17:50:46.055480,6564.778840025601,investment,transfer,completed
554,2256,2024-10-03 17:50:46.055480,1306.9662250276585,checking,deposit,completed
555,4376,2025-02-17 17:50:46.055480,6871.74136677354,savings,,completed
556,6645,2024-07-27 17:50:46.055480,939.3745597356718,checking,deposit,failed
557,4486,2024-07-30 17:50:46.055480,303.34794943289927,investment,deposit,completed
558,4584,2024-06-14 17:50:46.055480,8231.354877752647,checking,withdrawal,completed
559,9053,2024-05-27 17:50:46.055480,2105.4319473599767,savings,deposit,pending
560,4330,2025-01-25 17:50:46.055480,3796.480990928783,checking,withdrawal,completed
561,3703,2024-11-15 17:50:46.055480,9734.839325861969,,,completed
562,9662,2025-03-29 17:50:46.055480,3375.0366135924214,checking,transfer,completed
563,9120,2025-04-19 17:50:46.055480,2971.9329150203193,investment,deposit,pending
564,8114,2024-07-03 17:50:46.055480,9182.897916231525,savings,deposit,completed
565,2353,2024-09-25 17:50:46.055480,1116.3769687363915,checking,transfer,completed
566,6063,2024-07-15 17:50:46.055480,7598.228277045171,investment,,completed
567,9549,2025-01-18 17:50:46.055480,9880.775010861213,checking,withdrawal,pending
568,8575,2024-08-06 17:50:46.055480,9013.947147638743,investment,withdrawal,completed
569,1667,2024-09-28 17:50:46.055480,6520.162507877195,,deposit,completed
570,5468,2024-11-02 17:50:46.055480,3147.4673419773926,investment,transfer,completed
571,7819,2025-02-01 17:50:46.055480,2550.676591971384,checking,withdrawal,completed
572,4719,2025-03-20 17:50:46.055480,8194.358497665897,investment,deposit,completed
573,3745,2025-02-13 17:50:46.055480,8799.420920377435,savings,deposit,completed
574,8483,2025-03-15 17:50:46.055480,5259.094776331472,investment,transfer,pending
575,1539,2024-11-21 17:50:46.055480,2450.956008456797,savings,deposit,completed
576,5964,2025-02-09 17:50:46.055480,1138.302652027624,investment,deposit,completed
577,5835,2024-06-24 17:50:46.055480,880.9228836399934,savings,withdrawal,completed
578,4775,2025-02-03 17:50:46.055480,7193.583699065018,savings,deposit,completed
579,7042,2025-01-28 17:50:46.055480,4206.986091198773,checking,deposit,completed
580,8102,2024-12-03 17:50:46.055480,9054.545144035925,investment,transfer,completed
581,8312,2024-11-20 17:50:46.055480,-100.0,savings,transfer,completed
582,6320,2024-10-10 17:50:46.055480,1920.6915749667212,savings,transfer,completed
583,7132,2024-08-31 17:50:46.055480,6141.636413968833,investment,transfer,completed
584,8891,2024-05-12 17:50:46.055480,,savings,withdrawal,failed
585,3779,2025-04-28 17:50:46.055480,5776.724810378445,checking,transfer,
586,1924,2024-09-17 17:50:46.055480,7383.310542151787,savings,withdrawal,completed
587,2581,2024-07-15 17:50:46.055480,8063.89685122787,savings,withdrawal,completed
588,8714,2024-09-09 17:50:46.055480,8438.935890803175,savings,,completed
589,4324,2025-02-12 17:50:46.055480,2547.208996974527,checking,deposit,pending
590,6713,2025-01-04 17:50:46.055480,320.84484317440325,checking,withdrawal,completed
591,8026,2024-11-27 17:50:46.055480,7395.554404296084,checking,withdrawal,
592,1255,2025-01-17 17:50:46.055480,1072.3738252951882,investment,deposit,completed
593,5804,2024-10-18 17:50:46.055480,3156.046690243547,checking,deposit,
594,2838,2024-11-15 17:50:46.055480,48.13316990222796,savings,transfer,pending
595,1009,2024-05-06 17:50:46.055480,6819.878129192184,,,pending
596,3871,2025-01-30 17:50:46.055480,-100.0,checking,withdrawal,completed
597,9989,2024-11-07 17:50:46.055480,6556.271272819666,savings,deposit,completed
598,8409,2024-12-29 17:50:46.055480,9917.50874550671,investment,deposit,completed
599,8418,2024-12-08 17:50:46.055480,735.9820073840627,,transfer,completed
600,6124,2025-01-14 17:50:46.055480,780.0093393950923,investment,withdrawal,completed
601,2015,2024-06-29 17:50:46.055480,3410.397125740082,investment,deposit,completed
602,3193,2024-05-05 17:50:46.055480,8665.201277370907,investment,withdrawal,completed
603,9415,2024-06-17 17:50:46.055480,2163.1433892254054,savings,deposit,completed
604,8449,2024-12-28 17:50:46.055480,3610.1744211041723,investment,withdrawal,completed
605,5158,2025-04-21 17:50:46.055480,694.3690122035259,checking,transfer,completed
606,4925,2024-08-11 17:50:46.055480,7633.921359676305,,withdrawal,
607,7970,2025-02-16 17:50:46.055480,4088.9803641669164,savings,withdrawal,completed
608,7938,2024-05-06 17:50:46.055480,7594.89484327782,savings,withdrawal,completed
609,5784,2024-09-19 17:50:46.055480,9037.042365024483,checking,transfer,completed
610,5000,2025-03-20 17:50:46.055480,2335.303839541875,investment,withdrawal,pending
611,2633,2024-10-08 17:50:46.055480,8075.886343096114,checking,deposit,completed
612,8266,2024-08-09 17:50:46.055480,600.3479618817502,investment,withdrawal,completed
613,9702,2024-06-06 17:50:46.055480,8989.48540792067,investment,deposit,completed
614,1384,2024-11-03 17:50:46.055480,6511.177790111886,checking,transfer,completed
615,1404,2024-05-17 17:50:46.055480,8743.524974142132,investment,withdrawal,completed
616,9175,2024-06-16 17:50:46.055480,11.882111570253155,investment,,failed
617,3000,2025-02-05 17:50:46.055480,1699.1198928563651,savings,deposit,
618,6989,2024-06-16 17:50:46.055480,3903.696280390656,checking,transfer,completed
619,2460,2025-01-09 17:50:46.055480,3801.234004713439,checking,withdrawal,completed
620,8190,2024-08-22 17:50:46.055480,2275.0365254058715,checking,transfer,completed
621,8140,2025-04-23 17:50:46.055480,3822.303279273329,checking,deposit,completed
622,4636,2025-02-05 17:50:46.055480,1297.1986328825458,,withdrawal,completed
623,5809,2024-10-04 17:50:46.055480,4133.4836813676,checking,transfer,completed
624,5178,2024-06-20 17:50:46.055480,8025.519748301049,investment,deposit,
625,8245,2025-04-08 17:50:46.055480,4795.9099304024785,checking,deposit,failed
626,7600,2025-04-27 17:50:46.055480,189.82088856269772,savings,withdrawal,completed
627,6997,2024-12-24 17:50:46.055480,4220.225975376682,investment,withdrawal,completed
628,3048,2024-07-07 17:50:46.055480,281.4784107475332,investment,deposit,completed
629,5780,2024-10-24 17:50:46.055480,9662.771672960915,checking,deposit,completed
630,1716,2024-05-03 17:50:46.055480,1283.265054634461,savings,deposit,completed
631,8939,2025-04-16 17:50:46.055480,7079.806380042881,savings,transfer,completed
632,6565,2025-04-18 17:50:46.055480,9728.035465691937,checking,withdrawal,pending
633,5544,2025-02-02 17:50:46.055480,8262.130126149053,checking,transfer,completed
634,5976,2025-04-18 17:50:46.055480,6996.160597510775,savings,,completed
635,4419,2025-04-05 17:50:46.055480,8396.214485912662,savings,withdrawal,completed
636,8239,2024-07-03 17:50:46.055480,9818.16894567367,investment,deposit,completed
637,1249,2024-08-30 17:50:46.055480,6217.231527562761,checking,deposit,completed
638,9865,2024-12-29 17:50:46.055480,5596.256220224972,savings,deposit,completed
639,1770,2024-12-04 17:50:46.055480,6286.098723528181,savings,,completed
640,5363,2025-03-06 17:50:46.055480,5331.432108747934,investment,withdrawal,completed
641,2077,2024-09-04 17:50:46.055480,6354.540168038091,investment,deposit,completed
642,9427,2024-05-09 17:50:46.055480,4503.923657645867,savings,withdrawal,failed
643,9580,2024-11-08 17:50:46.055480,2192.247397004238,investment,withdrawal,completed
644,8901,2024-09-21 17:50:46.055480,1211.2697928516395,checking,withdrawal,completed
645,5858,2025-01-01 17:50:46.055480,692.7259459672813,savings,deposit,completed
646,7544,2024-06-25 17:50:46.055480,2640.524679694469,checking,,completed
647,5719,2024-10-29 17:50:46.055480,470.774407713981,savings,withdrawal,completed
648,3814,2024-07-16 17:50:46.055480,5676.0360913946615,investment,deposit,
649,4374,2024-06-27 17:50:46.055480,2845.4461857649676,investment,transfer,pending
650,2252,2024-07-04 17:50:46.055480,8247.102732789452,checking,deposit,completed
651,7996,2025-02-07 17:50:46.055480,751.6663211539806,savings,,completed
652,5673,2024-10-01 17:50:46.055480,2271.2514284714443,savings,,completed
653,5530,2024-12-01 17:50:46.055480,7305.1590094305575,checking,transfer,completed
654,7881,2025-03-24 17:50:46.055480,5992.094880871079,checking,transfer,completed
655,7949,2024-05-13 17:50:46.055480,654.2677997791837,checking,deposit,completed
656,7241,2024-06-22 17:50:46.055480,,checking,,completed
657,9017,2024-05-04 17:50:46.055480,8773.845010633533,checking,withdrawal,completed
658,7941,2025-03-02 17:50:46.055480,3310.7759587189807,checking,transfer,completed
659,8002,2024-12-20 17:50:46.055480,3410.6543750621513,checking,,failed
660,2331,2024-10-10 17:50:46.055480,9890.393299918238,investment,,completed
661,5261,2024-08-30 17:50:46.055480,6265.499954215451,savings,transfer,completed
662,8648,2025-03-26 17:50:46.055480,5317.852040474911,,deposit,completed
663,6115,2025-01-27 17:50:46.055480,8383.140313683725,savings,,completed
664,5637,2024-10-05 17:50:46.055480,2860.0504801895913,investment,withdrawal,completed
665,5854,2024-05-12 17:50:46.055480,4297.534108029606,investment,,completed
666,4177,2024-06-02 17:50:46.055480,2685.0889881284584,savings,withdrawal,pending
667,8730,2024-06-29 17:50:46.055480,7893.7168574214265,savings,deposit,completed
668,3180,2024-05-15 17:50:46.055480,5737.759962895828,investment,withdrawal,completed
669,5892,2024-09-29 17:50:46.055480,6591.662450699305,checking,withdrawal,completed
670,8043,2024-11-22 17:50:46.055480,2530.5494258956714,checking,transfer,completed
671,1137,2025-04-06 17:50:46.055480,2210.050760759378,savings,deposit,completed
672,7327,2024-07-11 17:50:46.055480,4888.862543539558,savings,withdrawal,failed
673,4472,2025-04-26 17:50:46.055480,7378.28183343734,checking,deposit,completed
674,6449,2024-09-22 17:50:46.055480,5257.1451776264,,transfer,completed
675,3832,2024-05-01 17:50:46.055480,336.13031868122937,savings,withdrawal,completed
676,4579,2025-04-10 17:50:46.055480,,savings,deposit,completed
677,6971,2024-11-29 17:50:46.055480,656.2220662161644,,deposit,pending
678,5164,2025-03-11 17:50:46.055480,9558.686592370315,savings,deposit,
679,8941,2024-11-04 17:50:46.055480,261.1681631899545,,withdrawal,completed
680,6569,2025-01-24 17:50:46.055480,6947.5600567457805,savings,deposit,completed
681,5300,2025-01-15 17:50:46.055480,831.2485664806987,checking,deposit,completed
682,7269,2024-08-23 17:50:46.055480,9107.659028557044,investment,,completed
683,4818,2025-01-03 17:50:46.055480,4649.688029893172,savings,transfer,pending
684,2906,2024-05-11 17:50:46.055480,1383.8625104219836,investment,withdrawal,completed
685,7254,2024-09-14 17:50:46.055480,3414.7488409005678,,,completed
686,1760,2025-02-23 17:50:46.055480,1656.5985067141528,investment,deposit,completed
687,8830,2024-05-30 17:50:46.055480,1714.1132964553292,savings,withdrawal,pending
688,8350,2024-08-11 17:50:46.055480,9481.602118512708,investment,withdrawal,completed
689,7238,2024-07-09 17:50:46.055480,,savings,withdrawal,completed
690,7090,2024-08-30 17:50:46.055480,7890.1346164145425,savings,withdrawal,completed
691,7031,2024-10-26 17:50:46.055480,6399.659556165042,investment,withdrawal,pending
692,8687,2024-08-27 17:50:46.055480,6767.499359760539,checking,withdrawal,completed
693,9472,2024-12-26 17:50:46.055480,1325.6174503356647,investment,transfer,completed
694,2887,2024-08-05 17:50:46.055480,2349.502623686702,investment,deposit,completed
695,4266,2024-12-20 17:50:46.055480,7869.635848192825,investment,deposit,completed
696,1666,2024-09-05 17:50:46.055480,9707.95440268308,savings,deposit,completed
697,5188,2025-04-12 17:50:46.055480,2634.1296695605306,investment,deposit,
698,1671,2025-03-21 17:50:46.055480,2722.971959862888,savings,withdrawal,completed
699,7777,2025-04-09 17:50:46.055480,4734.242356780939,investment,deposit,completed
700,8570,2024-09-17 17:50:46.055480,9838.564725425824,checking,transfer,completed
701,8956,2024-05-10 17:50:46.055480,,checking,deposit,completed
702,6124,2024-07-22 17:50:46.055480,4075.6493772462964,checking,deposit,pending
703,6585,2025-04-22 17:50:46.055480,-100.0,savings,withdrawal,completed
704,5777,2025-01-20 17:50:46.055480,39.181115887406456,savings,deposit,completed
705,4900,2024-09-02 17:50:46.055480,407.2619902358098,investment,withdrawal,completed
706,7677,2025-02-02 17:50:46.055480,6044.67605394148,savings,withdrawal,completed
707,7981,2024-07-06 17:50:46.055480,9074.727845481342,savings,deposit,completed
708,7376,2025-04-16 17:50:46.055480,2396.178037415257,checking,deposit,completed
709,1523,2024-05-31 17:50:46.055480,4701.721329060283,savings,withdrawal,completed
710,3393,2025-04-28 17:50:46.055480,4510.148363561605,savings,deposit,completed
711,3593,2024-07-11 17:50:46.055480,4734.983747494147,checking,deposit,completed
712,8240,2024-06-09 17:50:46.055480,6228.971760340154,checking,deposit,completed
713,7937,2025-03-20 17:50:46.055480,4702.74019227693,checking,deposit,
714,7190,2024-06-16 17:50:46.055480,4480.206731811354,checking,withdrawal,completed
715,6240,2024-06-18 17:50:46.055480,4748.141320108292,savings,withdrawal,completed
716,7493,2025-01-09 17:50:46.055480,5912.765738297705,checking,withdrawal,completed
717,3878,2025-04-16 17:50:46.055480,5374.70480863007,investment,deposit,completed
718,5143,2024-09-11 17:50:46.055480,8542.818616528539,investment,deposit,completed
719,4644,2025-02-05 17:50:46.055480,504.4735664017295,savings,transfer,completed
720,5432,2024-12-21 17:50:46.055480,8334.837544015394,,withdrawal,completed
721,2276,2024-09-11 17:50:46.055480,8440.806879991123,savings,transfer,failed
722,6811,2024-06-08 17:50:46.055480,2856.2311350942987,savings,withdrawal,completed
723,1302,2024-12-06 17:50:46.055480,4633.891030608348,,withdrawal,completed
724,1638,2024-05-20 17:50:46.055480,4390.999500488981,checking,withdrawal,completed
725,1055,2025-04-02 17:50:46.055480,2192.9132451977616,,deposit,completed
726,9717,2025-02-23 17:50:46.055480,3974.0005023923013,checking,withdrawal,completed
727,9150,2024-11-18 17:50:46.055480,453.43384398683577,savings,withdrawal,completed
728,3125,2024-09-13 17:50:46.055480,2785.4425070895268,checking,deposit,completed
729,1364,2024-08-12 17:50:46.055480,8168.654932752674,investment,deposit,
730,7809,2024-11-17 17:50:46.055480,2852.7773946113466,savings,transfer,completed
731,5621,2024-07-03 17:50:46.055480,8183.884620794993,investment,,completed
732,6126,2024-07-01 17:50:46.055480,5320.678651398264,checking,withdrawal,failed
733,6122,2024-07-17 17:50:46.055480,8799.828146837988,checking,deposit,completed
734,2646,2025-04-20 17:50:46.055480,5752.047747101507,checking,deposit,completed
735,1918,2024-10-17 17:50:46.055480,306.3855484167508,checking,withdrawal,failed
736,3797,2025-01-02 17:50:46.055480,6757.447873395421,,deposit,completed
737,7506,2024-08-03 17:50:46.055480,458.0871445554509,checking,,failed
738,6870,2025-02-09 17:50:46.055480,4511.464219641509,investment,deposit,completed
739,2531,2025-01-27 17:50:46.055480,9294.972677786409,investment,withdrawal,completed
740,9172,2024-08-07 17:50:46.055480,1660.3873539851231,checking,withdrawal,pending
741,4345,2024-06-02 17:50:46.055480,3904.8248058860254,savings,transfer,completed
742,8673,2024-05-15 17:50:46.055480,7301.304485396299,checking,withdrawal,completed
743,7949,2024-05-04 17:50:46.055480,8823.762975387528,checking,withdrawal,completed
744,7882,2024-08-16 17:50:46.055480,6712.720617377654,checking,,
745,2906,2024-12-18 17:50:46.055480,2589.1508093697803,savings,deposit,pending
746,4086,2024-07-28 17:50:46.055480,6749.332450632999,savings,transfer,completed
747,9152,2024-08-09 17:50:46.055480,2974.3091346298593,savings,deposit,completed
748,6750,2024-11-10 17:50:46.055480,7187.108005889165,savings,transfer,pending
749,9905,2025-04-29 17:50:46.055480,9540.790944574555,checking,withdrawal,completed
750,2062,2024-06-21 17:50:46.055480,7216.72057655182,savings,deposit,completed
751,2976,2025-02-25 17:50:46.055480,8630.176224095,investment,transfer,completed
752,2296,2024-07-20 17:50:46.055480,31.017393327075297,checking,deposit,completed
753,7229,2024-12-30 17:50:46.055480,7178.545526068628,checking,deposit,completed
754,8641,2025-01-13 17:50:46.055480,8297.579693083851,investment,withdrawal,completed
755,1125,2024-11-06 17:50:46.055480,415.1817880713674,checking,withdrawal,completed
756,5632,2024-10-08 17:50:46.055480,8717.261295609424,savings,withdrawal,pending
757,7288,2024-11-16 17:50:46.055480,2574.375340817358,checking,deposit,completed
758,4596,2024-06-29 17:50:46.055480,6656.268098760772,checking,deposit,completed
759,7168,2024-12-31 17:50:46.055480,8005.545241443832,checking,deposit,completed
760,8561,2025-03-17 17:50:46.055480,6630.0184854629615,checking,deposit,completed
761,9258,2024-06-22 17:50:46.055480,931.9250728118398,savings,withdrawal,completed
762,1232,2024-11-25 17:50:46.055480,5967.251973415079,savings,transfer,completed
763,7371,2024-10-05 17:50:46.055480,5500.340730654215,investment,,completed
764,5206,2025-01-12 17:50:46.055480,9004.209468061972,investment,transfer,failed
765,8943,2024-08-22 17:50:46.055480,4048.3548991456496,savings,deposit,completed
766,7891,2024-05-31 17:50:46.055480,,investment,withdrawal,completed
767,7738,2024-12-21 17:50:46.055480,7501.009136720298,checking,deposit,completed
768,3472,2024-07-11 17:50:46.055480,4132.626507573133,savings,deposit,failed
769,3739,2025-04-10 17:50:46.055480,6464.500788300579,investment,withdrawal,completed
770,6401,2024-07-22 17:50:46.055480,6468.036400344824,checking,deposit,completed
771,2761,2024-07-19 17:50:46.055480,8881.510252957576,savings,deposit,completed
772,1876,2025-04-29 17:50:46.055480,5990.937099167782,checking,,completed
773,4812,2025-01-01 17:50:46.055480,5026.514563520249,savings,withdrawal,completed
774,2460,2025-03-26 17:50:46.055480,1397.3245507012048,investment,withdrawal,completed
775,2733,2024-10-14 17:50:46.055480,1166.2186907202665,investment,deposit,pending
776,2605,2024-08-28 17:50:46.055480,1551.672437177963,investment,deposit,
777,6622,2025-03-02 17:50:46.055480,-100.0,investment,transfer,completed
778,7767,2024-06-09 17:50:46.055480,6382.392155709703,savings,deposit,pending
779,7986,2024-11-20 17:50:46.055480,7412.40269024304,savings,withdrawal,completed
780,4517,2024-11-02 17:50:46.055480,5304.615314034923,checking,deposit,completed
781,4735,2024-10-06 17:50:46.055480,8291.887148129455,savings,withdrawal,completed
782,9434,2025-04-18 17:50:46.055480,9912.719635068996,savings,deposit,completed
783,3590,2024-07-28 17:50:46.055480,8201.926164902367,,transfer,pending
784,2063,2024-10-31 17:50:46.055480,6951.8749130228325,savings,transfer,completed
785,5324,2024-08-31 17:50:46.055480,5329.6020673770945,savings,transfer,completed
786,6342,2024-09-26 17:50:46.055480,4494.042186030335,savings,deposit,completed
787,1005,2024-08-22 17:50:46.055480,853.079881639978,savings,transfer,completed
788,8489,2024-07-05 17:50:46.055480,3999.6937964629624,investment,withdrawal,completed
789,9659,2024-12-25 17:50:46.055480,9102.245021453522,checking,withdrawal,completed
790,9195,2024-09-25 17:50:46.055480,8082.1460727664635,savings,withdrawal,completed
791,6966,2024-06-28 17:50:46.055480,2168.353136466755,investment,deposit,pending
792,9837,2024-07-19 17:50:46.055480,4671.411769125187,savings,deposit,pending
793,1117,2024-10-27 17:50:46.055480,8169.06479355986,checking,transfer,completed
794,3551,2025-03-22 17:50:46.055480,683.17170230737,savings,deposit,pending
795,6560,2024-09-19 17:50:46.055480,3880.0519308299063,investment,withdrawal,completed
796,5289,2024-10-28 17:50:46.055480,8519.893956370737,checking,withdrawal,completed
797,1846,2024-11-03 17:50:46.055480,4044.939663059536,investment,transfer,completed
798,7316,2024-07-10 17:50:46.055480,785.3703008670942,investment,,completed
799,7469,2024-05-25 17:50:46.055480,5429.918341637192,savings,transfer,completed
800,9915,2024-11-30 17:50:46.055480,8618.80752423377,,deposit,completed
801,1224,2024-12-25 17:50:46.055480,5906.952574102065,investment,deposit,completed
802,5208,2024-07-03 17:50:46.055480,2270.528291060176,investment,withdrawal,completed
803,7283,2024-06-26 17:50:46.055480,3848.5538051724393,investment,deposit,completed
804,3048,2024-05-29 17:50:46.055480,4506.732378207503,checking,deposit,completed
805,7233,2024-09-08 17:50:46.055480,5796.870874667063,checking,withdrawal,completed
806,2828,2025-04-22 17:50:46.055480,7595.916747268604,savings,withdrawal,completed
807,2917,2024-05-24 17:50:46.055480,997.7474402299476,checking,,completed
808,5234,2024-12-22 17:50:46.055480,8897.623809845487,savings,deposit,completed
809,7988,2024-08-09 17:50:46.055480,132.97393313059513,investment,deposit,completed
810,3026,2024-11-24 17:50:46.055480,3706.82282339581,investment,deposit,pending
811,4744,2024-05-13 17:50:46.055480,283.92889662684996,savings,,completed
812,1009,2024-05-07 17:50:46.055480,3935.8125111994595,investment,transfer,completed
813,1260,2025-04-25 17:50:46.055480,5262.867862744504,investment,transfer,completed
814,7038,2025-02-03 17:50:46.055480,5121.6970519493025,savings,,pending
815,3219,2024-11-06 17:50:46.055480,1664.6271868123708,checking,withdrawal,completed
816,8041,2024-07-14 17:50:46.055480,6460.947695855167,savings,withdrawal,completed
817,3060,2024-10-19 17:50:46.055480,457.33672054163554,investment,deposit,failed
818,6287,2024-06-23 17:50:46.055480,7621.44913312283,savings,withdrawal,completed
819,2619,2025-01-01 17:50:46.055480,9466.977895595526,savings,withdrawal,completed
820,9512,2024-09-24 17:50:46.055480,3404.2905832396677,checking,withdrawal,completed
821,2342,2025-01-06 17:50:46.055480,5177.221423326176,investment,,completed
822,3832,2024-12-06 17:50:46.055480,3795.313677807556,investment,,completed
823,3824,2025-04-04 17:50:46.055480,77.03679913755894,investment,transfer,completed
824,2994,2024-12-15 17:50:46.055480,3864.8862839222083,,transfer,completed
825,4490,2024-07-01 17:50:46.055480,7919.285390020851,investment,withdrawal,completed
826,8984,2024-09-10 17:50:46.055480,5963.928533412984,,deposit,completed
827,2604,2025-02-13 17:50:46.055480,1021.5865470054378,,deposit,completed
828,1235,2024-06-06 17:50:46.055480,8472.923502040912,investment,withdrawal,completed
829,2908,2024-05-20 17:50:46.055480,5315.542595403576,savings,transfer,pending
830,9567,2024-07-02 17:50:46.055480,8418.816383829315,checking,deposit,completed
831,4530,2024-07-15 17:50:46.055480,5806.412972662443,savings,,pending
832,6256,2025-04-29 17:50:46.055480,5601.28756393102,savings,deposit,completed
833,3635,2024-12-04 17:50:46.055480,1061.5392601181536,checking,deposit,completed
834,9162,2024-07-17 17:50:46.055480,1681.9237340548932,checking,withdrawal,completed
835,3560,2024-12-09 17:50:46.055480,9720.532312400945,,deposit,completed
836,6415,2025-03-08 17:50:46.055480,2292.58260008016,investment,deposit,completed
837,4391,2024-06-30 17:50:46.055480,9774.746658723776,investment,deposit,completed
838,6951,2025-02-20 17:50:46.055480,,savings,transfer,pending
839,6468,2024-05-04 17:50:46.055480,1366.532580168732,checking,withdrawal,completed
840,9007,2025-01-30 17:50:46.055480,1002.0290055093925,checking,withdrawal,completed
841,7413,2024-09-22 17:50:46.055480,2096.5520663503426,checking,withdrawal,completed
842,7941,2024-10-20 17:50:46.055480,9257.116926953104,checking,deposit,failed
843,5820,2025-02-26 17:50:46.055480,4147.360741038986,checking,,completed
844,3898,2025-02-16 17:50:46.055480,3960.3883372492146,,deposit,completed
845,8546,2024-11-20 17:50:46.055480,3138.9305480910384,investment,,completed
846,1077,2024-11-12 17:50:46.055480,1479.147887160218,checking,withdrawal,completed
847,8577,2025-01-31 17:50:46.055480,4883.633459952141,checking,,completed
848,5227,2024-11-05 17:50:46.055480,1309.1773472862756,savings,deposit,completed
849,1600,2024-08-04 17:50:46.055480,8356.447561459452,checking,withdrawal,completed
850,2065,2025-02-16 17:50:46.055480,3710.265892890312,,deposit,completed
851,3136,2024-08-28 17:50:46.055480,3754.2876421401456,savings,deposit,completed
852,7943,2025-02-12 17:50:46.055480,4745.324220546728,savings,withdrawal,completed
853,8804,2024-11-22 17:50:46.055480,4446.835854525859,checking,deposit,pending
854,7565,2024-06-10 17:50:46.055480,9948.631150862622,checking,withdrawal,completed
855,6984,2025-01-22 17:50:46.055480,5458.357400970842,savings,deposit,completed
856,6142,2025-01-18 17:50:46.055480,891.1350208608081,investment,deposit,completed
857,5670,2024-12-19 17:50:46.055480,6072.70464235353,savings,transfer,completed
858,3190,2025-01-18 17:50:46.055480,1524.3270857701007,checking,withdrawal,
859,3712,2025-04-11 17:50:46.055480,319.0670708661063,savings,withdrawal,completed
860,3192,2025-02-07 17:50:46.055480,9707.714115235709,savings,withdrawal,completed
861,2248,2024-07-25 17:50:46.055480,7737.653526430293,investment,transfer,completed
862,5033,2024-05-26 17:50:46.055480,9801.288834213532,checking,deposit,pending
863,2997,2024-04-30 17:50:46.055480,4784.005695742202,checking,withdrawal,completed
864,4687,2024-06-03 17:50:46.055480,5327.252736178271,savings,,completed
865,5018,2024-12-22 17:50:46.055480,1691.6861896321109,savings,transfer,failed
866,2970,2024-05-21 17:50:46.055480,2476.60519240918,savings,withdrawal,completed
867,9389,2024-06-24 17:50:46.055480,8387.106656879254,savings,withdrawal,completed
868,6765,2025-01-31 17:50:46.055480,3568.2946147047655,savings,transfer,completed
869,2202,2024-09-29 17:50:46.055480,8269.881588226226,investment,withdrawal,completed
870,9135,2024-12-08 17:50:46.055480,7093.047105627447,savings,deposit,completed
871,6567,2025-02-24 17:50:46.055480,1779.9375434659364,,deposit,completed
872,8667,2025-02-13 17:50:46.055480,5079.389197536224,savings,transfer,pending
873,6742,2024-10-13 17:50:46.055480,6777.099341971981,,deposit,completed
874,6788,2024-12-08 17:50:46.055480,2358.0217758902127,investment,transfer,completed
875,6408,2024-06-18 17:50:46.055480,8308.578220095567,checking,withdrawal,completed
876,9669,2025-01-27 17:50:46.055480,5452.828298876416,investment,withdrawal,completed
877,1922,2024-06-29 17:50:46.055480,1660.768083921606,checking,deposit,completed
878,1419,2024-09-18 17:50:46.055480,5834.014417384378,,deposit,completed
879,3204,2024-07-13 17:50:46.055480,9997.140903517582,savings,,completed
880,2120,2025-01-18 17:50:46.055480,1513.7097017175015,checking,transfer,completed
881,1950,2024-08-06 17:50:46.055480,8169.401731894086,savings,withdrawal,pending
882,3336,2024-05-10 17:50:46.055480,2081.016941843704,,withdrawal,pending
883,6373,2025-01-10 17:50:46.055480,7826.0594113062725,checking,withdrawal,completed
884,3243,2024-06-04 17:50:46.055480,7348.433451982918,savings,withdrawal,completed
885,3645,2024-08-08 17:50:46.055480,3011.8889621483195,investment,withdrawal,completed
886,5612,2025-04-27 17:50:46.055480,3264.9729444688537,investment,deposit,completed
887,2865,2025-02-04 17:50:46.055480,7927.288705709562,savings,withdrawal,completed
888,7028,2024-07-22 17:50:46.055480,4619.840663754253,checking,transfer,completed
889,8326,2024-06-06 17:50:46.055480,7310.87210683097,checking,,completed
890,7371,2024-06-30 17:50:46.055480,1488.3616321846894,savings,deposit,completed
891,7359,2025-01-03 17:50:46.055480,8527.05224119652,savings,transfer,completed
892,8863,2024-09-21 17:50:46.055480,7111.738319656368,,withdrawal,completed
893,4228,2024-11-27 17:50:46.055480,9070.358660259992,checking,withdrawal,completed
894,4719,2024-11-28 17:50:46.055480,1332.4000665593749,savings,deposit,completed
895,3371,2025-04-18 17:50:46.055480,5934.21485860237,checking,withdrawal,completed
896,3891,2024-12-18 17:50:46.055480,5995.214644552849,checking,withdrawal,completed
897,4756,2024-06-30 17:50:46.055480,-100.0,savings,deposit,
898,5225,2024-07-11 17:50:46.055480,-100.0,savings,transfer,completed
899,1094,2024-07-04 17:50:46.055480,389.43581726563616,savings,transfer,completed
900,3674,2024-09-14 17:50:46.055480,7461.1417858838495,,withdrawal,completed
901,7898,2024-08-02 17:50:46.055480,5497.731569237709,savings,,pending
902,1793,2025-03-18 17:50:46.055480,586.8331081730461,,deposit,completed
903,3116,2024-05-22 17:50:46.055480,6810.751370675251,investment,deposit,completed
904,6779,2024-06-08 17:50:46.055480,4673.152951539568,savings,withdrawal,pending
905,7166,2024-07-02 17:50:46.055480,354.26798165575,investment,deposit,pending
906,1814,2024-05-01 17:50:46.055480,9696.381191212473,savings,deposit,
907,1345,2025-04-09 17:50:46.055480,9491.63030946351,checking,deposit,failed
908,9554,2025-01-13 17:50:46.055480,5133.895137310504,investment,deposit,pending
909,3443,2024-05-29 17:50:46.055480,945.7874828520429,checking,transfer,completed
910,8783,2024-07-01 17:50:46.055480,7548.666003769932,savings,deposit,completed
911,1984,2025-01-03 17:50:46.055480,4924.3916900562335,investment,withdrawal,completed
912,8790,2024-12-27 17:50:46.055480,3031.450308110905,checking,deposit,completed
913,1827,2024-07-23 17:50:46.055480,4919.2675935102825,checking,withdrawal,completed
914,4531,2024-07-12 17:50:46.055480,5229.21701260059,,deposit,completed
915,8147,2024-10-09 17:50:46.055480,5631.4898732331685,savings,transfer,completed
916,5451,2025-03-10 17:50:46.055480,4417.8248994167125,checking,withdrawal,completed
917,4876,2024-08-02 17:50:46.055480,6061.495478359177,savings,deposit,completed
918,6959,2024-06-10 17:50:46.055480,9188.15975895771,savings,withdrawal,completed
919,1126,2024-07-27 17:50:46.055480,3629.0581901149258,savings,deposit,completed
920,4177,2024-12-10 17:50:46.055480,7259.907467567292,,withdrawal,completed
921,9795,2024-07-29 17:50:46.055480,8945.581042674079,savings,deposit,completed
922,7024,2024-07-14 17:50:46.055480,4565.23296484177,checking,,completed
923,6109,2024-05-31 17:50:46.055480,4440.123805455222,investment,deposit,completed
924,5146,2025-03-09 17:50:46.055480,6025.148683694248,investment,withdrawal,completed
925,8196,2025-04-03 17:50:46.055480,5918.153526630656,checking,deposit,completed
926,4368,2024-11-24 17:50:46.055480,8067.827529839507,checking,deposit,completed
927,4797,2024-09-03 17:50:46.055480,4770.069003945144,checking,withdrawal,completed
928,2792,2024-11-25 17:50:46.055480,9961.268266898018,savings,,failed
929,6732,2024-07-13 17:50:46.055480,604.1209729841349,savings,deposit,completed
930,4476,2024-12-15 17:50:46.055480,-100.0,savings,deposit,completed
931,4417,2024-12-07 17:50:46.055480,6405.581132480642,,deposit,completed
932,2645,2025-01-14 17:50:46.055480,2991.364774495148,investment,deposit,completed
933,4030,2024-11-23 17:50:46.055480,2411.4200631078434,checking,deposit,completed
934,3872,2024-12-05 17:50:46.055480,3125.8718092427616,checking,withdrawal,completed
935,4072,2025-04-28 17:50:46.055480,2567.9151753984934,savings,deposit,completed
936,2854,2025-02-12 17:50:46.055480,317.592596107874,checking,deposit,completed
937,5021,2024-12-19 17:50:46.055480,9715.615093481982,savings,transfer,completed
938,5662,2025-01-30 17:50:46.055480,2215.2474296432897,investment,withdrawal,completed
939,7514,2024-05-20 17:50:46.055480,7342.95732826717,checking,deposit,completed
940,6031,2024-05-15 17:50:46.055480,7628.337982994811,savings,deposit,pending
941,3708,2024-08-10 17:50:46.055480,9293.281406092221,investment,withdrawal,completed
942,8112,2024-05-14 17:50:46.055480,315.18907636286593,savings,deposit,completed
943,9393,2025-01-12 17:50:46.055480,8721.762901085607,checking,withdrawal,completed
944,4507,2025-02-15 17:50:46.055480,5276.989546589604,savings,deposit,completed
945,7456,2025-03-22 17:50:46.055480,6329.11565855862,checking,withdrawal,completed
946,5212,2024-11-22 17:50:46.055480,6448.258068439126,,deposit,completed
947,8970,2025-02-18 17:50:46.055480,8199.780071797428,checking,withdrawal,pending
948,9766,2024-06-22 17:50:46.055480,3340.739148369514,savings,transfer,completed
949,1536,2024-09-01 17:50:46.055480,7333.181386701334,savings,withdrawal,pending
950,2625,2024-07-06 17:50:46.055480,5290.495316124749,,deposit,completed
951,8973,2025-03-25 17:50:46.055480,7936.006202910424,checking,deposit,pending
952,9577,2025-02-05 17:50:46.055480,9905.554867373632,checking,deposit,completed
953,9070,2024-08-10 17:50:46.055480,2014.5036638635747,checking,deposit,completed
954,9666,2024-06-24 17:50:46.055480,9946.539929184379,checking,deposit,completed
955,9609,2024-11-09 17:50:46.055480,907.2234212849123,checking,transfer,completed
956,7490,2024-11-08 17:50:46.055480,33.15230356909052,savings,withdrawal,
957,4600,2024-05-03 17:50:46.055480,451.17774241653433,checking,withdrawal,completed
958,7783,2025-03-14 17:50:46.055480,3424.4062233202494,checking,withdrawal,completed
959,5971,2024-12-10 17:50:46.055480,6332.734243477557,investment,withdrawal,completed
960,2205,2025-01-02 17:50:46.055480,-100.0,checking,deposit,completed
961,2990,2024-07-27 17:50:46.055480,66.60148715037704,checking,transfer,completed
962,6299,2024-09-28 17:50:46.055480,9371.53937430336,checking,deposit,completed
963,4572,2024-09-22 17:50:46.055480,-100.0,,transfer,completed
964,6975,2025-04-04 17:50:46.055480,8093.73987967892,checking,transfer,failed
965,7320,2025-04-21 17:50:46.055480,8845.398512264752,investment,transfer,completed
966,5380,2024-08-02 17:50:46.055480,7003.342384993323,investment,withdrawal,completed
967,5757,2025-04-20 17:50:46.055480,1052.9972561833335,checking,deposit,completed
968,3713,2024-12-30 17:50:46.055480,3997.0108788564935,,withdrawal,completed
969,6588,2024-12-26 17:50:46.055480,7234.263369781649,checking,withdrawal,completed
970,1966,2024-11-11 17:50:46.055480,,checking,withdrawal,completed
971,5944,2025-02-17 17:50:46.055480,6877.189577721013,investment,transfer,completed
972,4432,2024-11-29 17:50:46.055480,254.73949819384697,investment,deposit,completed
973,1688,2024-10-04 17:50:46.055480,3068.3120353871363,savings,deposit,pending
974,5243,2025-03-12 17:50:46.055480,5495.812059408955,checking,deposit,completed
975,4701,2024-11-27 17:50:46.055480,6324.57739676736,savings,deposit,completed
976,9533,2024-05-18 17:50:46.055480,5774.636237974489,investment,withdrawal,pending
977,6182,2024-07-11 17:50:46.055480,6980.585197973561,checking,transfer,
978,7704,2025-02-21 17:50:46.055480,70.8265949159923,checking,withdrawal,completed
979,5422,2025-03-11 17:50:46.055480,1018.4025877754397,checking,transfer,completed
980,2759,2024-11-29 17:50:46.055480,8690.75308026866,checking,transfer,completed
981,3482,2025-04-11 17:50:46.055480,,investment,transfer,failed
982,9058,2025-01-20 17:50:46.055480,1138.1871104332529,savings,deposit,pending
983,1951,2025-03-01 17:50:46.055480,8422.323629611807,,transfer,completed
984,9914,2024-11-14 17:50:46.055480,2429.8898660674236,checking,deposit,completed
985,3079,2024-10-10 17:50:46.055480,4787.816243110283,investment,deposit,completed
986,3717,2024-05-20 17:50:46.055480,1460.5131637177562,checking,withdrawal,completed
987,5524,2024-12-05 17:50:46.055480,7103.99946365285,checking,deposit,completed
988,9477,2024-11-17 17:50:46.055480,6671.875665932535,checking,deposit,completed
989,8311,2024-08-31 17:50:46.055480,2119.0135869497003,checking,deposit,
990,8186,2025-02-20 17:50:46.055480,8635.373660901449,savings,deposit,completed
991,3065,2024-11-06 17:50:46.055480,4019.047181954925,,,completed
992,1768,2025-03-12 17:50:46.055480,2932.2257597967105,savings,deposit,completed
993,6490,2025-01-12 17:50:46.055480,1531.7725987507092,checking,deposit,completed
994,7645,2024-09-16 17:50:46.055480,2669.018445030219,checking,withdrawal,completed
995,6083,2024-11-20 17:50:46.055480,230.0489430259318,checking,withdrawal,completed
996,6232,2025-01-01 17:50:46.055480,5836.742349636595,savings,,completed
997,6797,2024-12-02 17:50:46.055480,8423.885155976039,investment,deposit,pending
998,5926,2024-12-01 17:50:46.055480,5494.314689922002,,withdrawal,completed
999,7016,2024-07-11 17:50:46.055480,2200.546879619518,checking,withdrawal,completed
1000,4335,2024-12-08 17:50:46.055480,346.35509035658845,savings,,completed
